walk,horizon_hours,split,scope,condition_id,candidate_rows,eligible_rows,eligible_contracts,drop_unsupported_contract,drop_cutoff_maturity,drop_evaluation_end_maturity,drop_source_boundary,drop_contract_boundary,drop_missing_intermediate_candle,drop_gap_segment_break,drop_imputed_target_candle
1,2,train,aggregate,__all__,39070,36985,47,0,28,0,35,35,378,378,1679
1,2,train,contract,0x01dffa7abae7e5d9b7fb44b06d537c5ac932e2ca422ab4b53366672f5e2dc7d6,923,791,1,0,0,0,0,0,28,28,104
1,2,train,contract,0x0aeb566c973d193ef7f77d2532ba6bffe4f76d5f6b7c5422ceaa966536b7ef90,498,486,1,0,0,0,0,0,4,4,8
1,2,train,contract,0x0b4cc3b739e1dfe5d73274740e7308b6fb389c5af040c3a174923d928d134bee,1560,1517,1,0,2,0,0,0,8,8,33
1,2,train,contract,0x0c4cd2055d6ea89354ffddc55d6dbcef9355748112ea952fc925f3db6a5c457f,793,740,1,0,2,0,0,0,8,8,43
1,2,train,contract,0x17815081230e3b9c78b098162c33b1ffa68c4ec29c123d3d14989599e0c2e113,1236,1226,1,0,0,0,2,2,2,2,8
1,2,train,contract,0x22c3ce96a88bf01d0c5e320d029e7f8418c81d5be28f025b6ab07465bb508fb1,454,444,1,0,0,0,0,0,4,4,6
1,2,train,contract,0x293fb49f43b12631ec4ad0617d9c0efc0eacce33416ef16f68521427daca1678,499,487,1,0,0,0,2,2,4,4,8
1,2,train,contract,0x30cfb887558b20373a984da60c372fe5a90c0296aa6d8bb413a8aa7543846da2,1163,1025,1,0,2,0,0,0,26,26,110
1,2,train,contract,0x31c0c931c848dfb6a5495b70637568437e76bc360fe23872865c56c9dbb1e5ef,171,167,1,0,0,0,0,0,2,2,2
1,2,train,contract,0x32707ae194389a70f25314ec934851daba12d893da616c492ffe8b655b7759a9,248,228,1,0,0,0,2,2,2,2,18
1,2,train,contract,0x35cc41270f5cdfd59b45e68ab85dc51b0b900d286a6c74ea006b8572d9ff5934,1180,1056,1,0,0,0,2,2,2,2,122
1,2,train,contract,0x3d0a731ba69f087ccde2a2287ffc5fda1f8228a133711a068c96dbe428f5d30f,202,189,1,0,0,0,0,0,5,5,8
1,2,train,contract,0x41c6341dd79903aca4bb0c29f5a7976946c3774d2fd72f38cbb7de7092144520,934,788,1,0,2,0,0,0,27,27,117
1,2,train,contract,0x43ec78527bd98a0588dd9455685b2cc82f5743140cb3a154603dc03c02b57de5,903,887,1,0,0,0,2,2,2,2,14
1,2,train,contract,0x46d40e851b24d9b0af4bc1942ccd86439cae82a9011767da14950df0ad997adf,1437,1416,1,0,0,0,2,2,9,9,12
1,2,train,contract,0x478dfc905dd9f44631e7b3a2a76f8aaf5680bc77fd17fe79179664b0ca819a18,523,499,1,0,0,0,2,2,4,4,20
1,2,train,contract,0x4e4a7df876b0c04f0b8b29b9073eddfbaf5c787192da825ae7ca1031bc8cfd15,16,8,1,0,0,0,0,0,2,2,6
1,2,train,contract,0x502a94e5c525766d5ee7f16c6568131ba1b2cbadb69c703af05a6ef00336ed64,96,84,1,0,0,0,0,0,4,4,8
1,2,train,contract,0x5db999fad322cea2914535aae5517060c3f80ad6d8c0231cde2124a434d16846,689,663,1,0,2,0,0,0,0,0,24
1,2,train,contract,0x61b66d02793b4a68ab0cc25be60d65f517fe18c7d654041281bb130341244fcc,1917,1915,1,0,0,0,2,2,2,2,0
1,2,train,contract,0x62b0cd598091a179147acbd4616400f804acfdff6f76f029944b481b37cbd45f,504,500,1,0,0,0,2,2,4,4,0
1,2,train,contract,0x62f01109c53d585406b4545e5538b52d76f2895affd933da75190be788afc6ab,604,602,1,0,0,0,2,2,2,2,0
1,2,train,contract,0x64396449b471b10b006285fa49dd9a5df535694de7b4c703fdeb0d88d5c4cd33,875,767,1,0,2,0,0,0,21,21,85
1,2,train,contract,0x6bd56627aa21311850825edb27e53434a0e17a4f782be0086bc07f71eee00d0d,222,142,1,0,0,0,0,0,14,14,66
1,2,train,contract,0x747dc809fb79e1b05be09c42d6179459a58de2ef3e40f02484a4e1260f741f75,1722,1672,1,0,2,0,0,0,4,4,44
1,2,train,contract,0x7976b8dbacf9077eb1453a62bcefd6ab2df199acd28aad276ff0d920d6992892,1851,1756,1,0,2,0,0,0,12,12,81
1,2,train,contract,0x797d586ad45522306490b0cc9b2f21bdf957f3843476fae99f3bcc2cec83b74b,1296,1284,1,0,0,0,2,2,2,2,10
1,2,train,contract,0x7c6c69d91b21cbbea08a13d0ad51c0e96a956045aaadc77bce507c6b0475b66e,991,982,1,0,0,0,1,1,3,3,6
1,2,train,contract,0x7f695758278e6d4d9e63df862afa88d664d3402a3d26e4d32ae05121cdbddba6,722,625,1,0,2,0,0,0,30,30,65
1,2,train,contract,0x836b850fc838195374862551a36f1c8691d96ff01e58b0a071f0fc1a0e357fb1,1152,1050,1,0,2,0,0,0,21,21,79
1,2,train,contract,0x8e7a03cb1970e2ad6533b01892403516b6b3f5b5fa90ed7d104c28b27e40ba00,0,0,0,0,0,0,0,0,0,0,0
1,2,train,contract,0x9352c559e9648ab4cab236087b64ca85c5b7123a4c7d9d7d4efde4a39c18056f,966,919,1,0,2,0,0,0,10,10,35
1,2,train,contract,0x9c08beafa73308625ad24e270e44d9edd634585f2424eea8df262a05a2337613,94,73,1,0,0,0,0,0,7,7,14
1,2,train,contract,0xa0f4c4924ea1a8b410b4ce821c2a9955fad21a1b19bdcfde90816732278b3dd5,0,0,0,0,0,0,0,0,0,0,0
1,2,train,contract,0xa7cb4135c6d9c36da0e343874dd5b455de739c6d1b9f9f5583dd9320aacf5db2,37,25,1,0,0,0,0,0,5,5,7
1,2,train,contract,0xa8b744720006da3c08b4dc8a61a5ce930542f550fcf8d27380ae898de636799d,589,587,1,0,0,0,2,2,2,2,0
1,2,train,contract,0xabb86b080e9858dcb3f46954010e49b6f539c20036856c7f999395bfd58d01e6,630,628,1,0,0,0,2,2,2,2,0
1,2,train,contract,0xae70ab9bf1c3726fe430a2ba8b517697ae24e0f0ab554b876a5b521153068882,1624,1481,1,0,0,0,0,0,19,19,124
1,2,train,contract,0xb232c915770ea41eb3ec3dbb2c7209c727759237383850f51045be7ffa3975e5,681,594,1,0,0,0,2,2,4,4,83
1,2,train,contract,0xbb4d51e6364066d92eb6f9b8413dd7193de70966736044463b205834805a1f3b,2051,2027,1,0,2,0,0,0,2,2,20
1,2,train,contract,0xd1747284d6048b2a3dcfbee489db405f36de18f9590197dd0e5c9f0c246bf050,1027,936,1,0,0,0,0,0,12,12,79
1,2,train,contract,0xd3cfc885ca1a482af4057f39937398fa5adc7a0b61e2381956384af1bf59ce6f,460,452,1,0,0,0,2,2,4,4,4
1,2,train,contract,0xd8b9ff369452daebce1ac8cb6a29d6817903e85168356c72812317f38e317613,375,364,1,0,0,0,0,0,4,4,7
1,2,train,contract,0xd9fb1184af0064e5e34b129f5b79afa5a17b7e32f2953ab05efed82315fee6d4,2061,2034,1,0,2,0,0,0,7,7,18
1,2,train,contract,0xdde06286a7b9464d344f410ab0b3d2ebc6469904e72c27fd982f65fdbf78768d,46,28,1,0,2,0,0,0,1,1,15
1,2,train,contract,0xde04b189b3f19eaccda02529a3ea67abfc46bff5c0c8fc42d8a2d0ed7b8f0d41,71,50,1,0,0,0,0,0,6,6,15
1,2,train,contract,0xe06a7e94cf2fa8dc2085b7610fe16e9be1cde6654f34d365c13da1149b276c61,1263,1131,1,0,0,0,0,0,29,29,103
1,2,train,contract,0xe93c89c41d1bb08d3bb40066d8565df301a696563b2542256e6e8bbbb1ec490d,1222,1216,1,0,0,0,2,2,2,2,4
1,2,train,contract,0xf2b177d6267194487880857175f9876fb2d352188f681dfe8bb732a665512305,0,0,0,0,0,0,0,0,0,0,0
1,2,train,contract,0xf2ce8d3897ac5009a131637d3575f1f91c579bd08eecce6ae2b2da0f32bbe6f1,492,444,1,0,0,0,2,2,4,4,44
1,2,evaluation,aggregate,__all__,32342,29970,23,1455,0,22,24,24,142,142,753
1,2,evaluation,contract,0x01dffa7abae7e5d9b7fb44b06d537c5ac932e2ca422ab4b53366672f5e2dc7d6,1125,1064,1,0,0,1,1,1,10,10,50
1,2,evaluation,contract,0x0aeb566c973d193ef7f77d2532ba6bffe4f76d5f6b7c5422ceaa966536b7ef90,0,0,0,0,0,0,0,0,0,0,0
1,2,evaluation,contract,0x0b4cc3b739e1dfe5d73274740e7308b6fb389c5af040c3a174923d928d134bee,1667,1622,1,0,0,1,1,1,4,4,40
1,2,evaluation,contract,0x0c4cd2055d6ea89354ffddc55d6dbcef9355748112ea952fc925f3db6a5c457f,1821,1814,1,0,0,1,1,1,0,0,6
1,2,evaluation,contract,0x17815081230e3b9c78b098162c33b1ffa68c4ec29c123d3d14989599e0c2e113,0,0,0,0,0,0,0,0,0,0,0
1,2,evaluation,contract,0x22c3ce96a88bf01d0c5e320d029e7f8418c81d5be28f025b6ab07465bb508fb1,0,0,0,0,0,0,0,0,0,0,0
1,2,evaluation,contract,0x293fb49f43b12631ec4ad0617d9c0efc0eacce33416ef16f68521427daca1678,0,0,0,0,0,0,0,0,0,0,0
1,2,evaluation,contract,0x30cfb887558b20373a984da60c372fe5a90c0296aa6d8bb413a8aa7543846da2,1570,1526,1,0,0,1,1,1,4,4,39
1,2,evaluation,contract,0x31c0c931c848dfb6a5495b70637568437e76bc360fe23872865c56c9dbb1e5ef,0,0,0,0,0,0,0,0,0,0,0
1,2,evaluation,contract,0x32707ae194389a70f25314ec934851daba12d893da616c492ffe8b655b7759a9,0,0,0,0,0,0,0,0,0,0,0
1,2,evaluation,contract,0x35cc41270f5cdfd59b45e68ab85dc51b0b900d286a6c74ea006b8572d9ff5934,0,0,0,0,0,0,0,0,0,0,0
1,2,evaluation,contract,0x3d0a731ba69f087ccde2a2287ffc5fda1f8228a133711a068c96dbe428f5d30f,0,0,0,0,0,0,0,0,0,0,0
1,2,evaluation,contract,0x41c6341dd79903aca4bb0c29f5a7976946c3774d2fd72f38cbb7de7092144520,1419,1362,1,0,0,1,1,1,5,5,51
1,2,evaluation,contract,0x43ec78527bd98a0588dd9455685b2cc82f5743140cb3a154603dc03c02b57de5,0,0,0,0,0,0,0,0,0,0,0
1,2,evaluation,contract,0x46d40e851b24d9b0af4bc1942ccd86439cae82a9011767da14950df0ad997adf,0,0,0,0,0,0,0,0,0,0,0
1,2,evaluation,contract,0x478dfc905dd9f44631e7b3a2a76f8aaf5680bc77fd17fe79179664b0ca819a18,0,0,0,0,0,0,0,0,0,0,0
1,2,evaluation,contract,0x4e4a7df876b0c04f0b8b29b9073eddfbaf5c787192da825ae7ca1031bc8cfd15,1052,1026,1,0,0,1,1,1,8,8,17
1,2,evaluation,contract,0x502a94e5c525766d5ee7f16c6568131ba1b2cbadb69c703af05a6ef00336ed64,255,214,1,0,0,1,1,1,11,11,29
1,2,evaluation,contract,0x5db999fad322cea2914535aae5517060c3f80ad6d8c0231cde2124a434d16846,1815,1796,1,0,0,1,1,1,0,0,18
1,2,evaluation,contract,0x61b66d02793b4a68ab0cc25be60d65f517fe18c7d654041281bb130341244fcc,0,0,0,0,0,0,0,0,0,0,0
1,2,evaluation,contract,0x62b0cd598091a179147acbd4616400f804acfdff6f76f029944b481b37cbd45f,0,0,0,0,0,0,0,0,0,0,0
1,2,evaluation,contract,0x62f01109c53d585406b4545e5538b52d76f2895affd933da75190be788afc6ab,0,0,0,0,0,0,0,0,0,0,0
1,2,evaluation,contract,0x64396449b471b10b006285fa49dd9a5df535694de7b4c703fdeb0d88d5c4cd33,1310,1243,1,0,0,1,1,1,8,8,58
1,2,evaluation,contract,0x6bd56627aa21311850825edb27e53434a0e17a4f782be0086bc07f71eee00d0d,332,278,1,0,0,0,0,0,16,16,38
1,2,evaluation,contract,0x747dc809fb79e1b05be09c42d6179459a58de2ef3e40f02484a4e1260f741f75,1681,1653,1,0,0,1,1,1,3,3,24
1,2,evaluation,contract,0x7976b8dbacf9077eb1453a62bcefd6ab2df199acd28aad276ff0d920d6992892,1758,1753,1,0,0,1,1,1,2,2,2
1,2,evaluation,contract,0x797d586ad45522306490b0cc9b2f21bdf957f3843476fae99f3bcc2cec83b74b,0,0,0,0,0,0,0,0,0,0,0
1,2,evaluation,contract,0x7c6c69d91b21cbbea08a13d0ad51c0e96a956045aaadc77bce507c6b0475b66e,0,0,0,0,0,0,0,0,0,0,0
1,2,evaluation,contract,0x7f695758278e6d4d9e63df862afa88d664d3402a3d26e4d32ae05121cdbddba6,1250,1208,1,0,0,1,1,1,12,12,29
1,2,evaluation,contract,0x836b850fc838195374862551a36f1c8691d96ff01e58b0a071f0fc1a0e357fb1,1536,1506,1,0,0,1,1,1,6,6,23
1,2,evaluation,contract,0x8e7a03cb1970e2ad6533b01892403516b6b3f5b5fa90ed7d104c28b27e40ba00,593,0,0,593,0,0,2,2,0,0,0
1,2,evaluation,contract,0x9352c559e9648ab4cab236087b64ca85c5b7123a4c7d9d7d4efde4a39c18056f,1817,1802,1,0,0,1,1,1,0,0,14
1,2,evaluation,contract,0x9c08beafa73308625ad24e270e44d9edd634585f2424eea8df262a05a2337613,0,0,0,0,0,0,0,0,0,0,0
1,2,evaluation,contract,0xa0f4c4924ea1a8b410b4ce821c2a9955fad21a1b19bdcfde90816732278b3dd5,862,0,0,862,0,0,0,0,0,0,0
1,2,evaluation,contract,0xa7cb4135c6d9c36da0e343874dd5b455de739c6d1b9f9f5583dd9320aacf5db2,1029,973,1,0,0,1,1,1,12,12,43
1,2,evaluation,contract,0xa8b744720006da3c08b4dc8a61a5ce930542f550fcf8d27380ae898de636799d,0,0,0,0,0,0,0,0,0,0,0
1,2,evaluation,contract,0xabb86b080e9858dcb3f46954010e49b6f539c20036856c7f999395bfd58d01e6,0,0,0,0,0,0,0,0,0,0,0
1,2,evaluation,contract,0xae70ab9bf1c3726fe430a2ba8b517697ae24e0f0ab554b876a5b521153068882,1280,1237,1,0,0,1,1,1,9,9,33
1,2,evaluation,contract,0xb232c915770ea41eb3ec3dbb2c7209c727759237383850f51045be7ffa3975e5,0,0,0,0,0,0,0,0,0,0,0
1,2,evaluation,contract,0xbb4d51e6364066d92eb6f9b8413dd7193de70966736044463b205834805a1f3b,1189,1100,1,0,0,1,1,1,10,10,78
1,2,evaluation,contract,0xd1747284d6048b2a3dcfbee489db405f36de18f9590197dd0e5c9f0c246bf050,1389,1316,1,0,0,1,1,1,5,5,67
1,2,evaluation,contract,0xd3cfc885ca1a482af4057f39937398fa5adc7a0b61e2381956384af1bf59ce6f,0,0,0,0,0,0,0,0,0,0,0
1,2,evaluation,contract,0xd8b9ff369452daebce1ac8cb6a29d6817903e85168356c72812317f38e317613,0,0,0,0,0,0,0,0,0,0,0
1,2,evaluation,contract,0xd9fb1184af0064e5e34b129f5b79afa5a17b7e32f2953ab05efed82315fee6d4,1821,1814,1,0,0,1,1,1,0,0,6
1,2,evaluation,contract,0xdde06286a7b9464d344f410ab0b3d2ebc6469904e72c27fd982f65fdbf78768d,1188,1140,1,0,0,1,1,1,8,8,39
1,2,evaluation,contract,0xde04b189b3f19eaccda02529a3ea67abfc46bff5c0c8fc42d8a2d0ed7b8f0d41,1332,1299,1,0,0,1,1,1,3,3,29
1,2,evaluation,contract,0xe06a7e94cf2fa8dc2085b7610fe16e9be1cde6654f34d365c13da1149b276c61,1251,1224,1,0,0,1,1,1,6,6,20
1,2,evaluation,contract,0xe93c89c41d1bb08d3bb40066d8565df301a696563b2542256e6e8bbbb1ec490d,0,0,0,0,0,0,0,0,0,0,0
1,2,evaluation,contract,0xf2b177d6267194487880857175f9876fb2d352188f681dfe8bb732a665512305,0,0,0,0,0,0,0,0,0,0,0
1,2,evaluation,contract,0xf2ce8d3897ac5009a131637d3575f1f91c579bd08eecce6ae2b2da0f32bbe6f1,0,0,0,0,0,0,0,0,0,0,0
1,4,train,aggregate,__all__,39070,35256,47,0,55,0,70,70,739,739,3020
1,4,train,contract,0x01dffa7abae7e5d9b7fb44b06d537c5ac932e2ca422ab4b53366672f5e2dc7d6,923,683,1,0,0,0,0,0,54,54,186
1,4,train,contract,0x0aeb566c973d193ef7f77d2532ba6bffe4f76d5f6b7c5422ceaa966536b7ef90,498,474,1,0,0,0,0,0,8,8,16
1,4,train,contract,0x0b4cc3b739e1dfe5d73274740e7308b6fb389c5af040c3a174923d928d134bee,1560,1482,1,0,4,0,0,0,15,15,59
1,4,train,contract,0x0c4cd2055d6ea89354ffddc55d6dbcef9355748112ea952fc925f3db6a5c457f,793,693,1,0,4,0,0,0,15,15,81
1,4,train,contract,0x17815081230e3b9c78b098162c33b1ffa68c4ec29c123d3d14989599e0c2e113,1236,1218,1,0,0,0,3,3,3,3,15
1,4,train,contract,0x22c3ce96a88bf01d0c5e320d029e7f8418c81d5be28f025b6ab07465bb508fb1,454,434,1,0,0,0,0,0,8,8,12
1,4,train,contract,0x293fb49f43b12631ec4ad0617d9c0efc0eacce33416ef16f68521427daca1678,499,475,1,0,0,0,4,4,8,8,16
1,4,train,contract,0x30cfb887558b20373a984da60c372fe5a90c0296aa6d8bb413a8aa7543846da2,1163,916,1,0,4,0,0,0,50,50,193
1,4,train,contract,0x31c0c931c848dfb6a5495b70637568437e76bc360fe23872865c56c9dbb1e5ef,171,163,1,0,0,0,0,0,4,4,4
1,4,train,contract,0x32707ae194389a70f25314ec934851daba12d893da616c492ffe8b655b7759a9,248,212,1,0,0,0,4,4,4,4,32
1,4,train,contract,0x35cc41270f5cdfd59b45e68ab85dc51b0b900d286a6c74ea006b8572d9ff5934,1180,949,1,0,0,0,4,4,4,4,227
1,4,train,contract,0x3d0a731ba69f087ccde2a2287ffc5fda1f8228a133711a068c96dbe428f5d30f,202,177,1,0,0,0,0,0,11,11,14
1,4,train,contract,0x41c6341dd79903aca4bb0c29f5a7976946c3774d2fd72f38cbb7de7092144520,934,670,1,0,4,0,0,0,51,51,209
1,4,train,contract,0x43ec78527bd98a0588dd9455685b2cc82f5743140cb3a154603dc03c02b57de5,903,873,1,0,0,0,4,4,4,4,26
1,4,train,contract,0x46d40e851b24d9b0af4bc1942ccd86439cae82a9011767da14950df0ad997adf,1437,1396,1,0,0,0,4,4,19,19,22
1,4,train,contract,0x478dfc905dd9f44631e7b3a2a76f8aaf5680bc77fd17fe79179664b0ca819a18,523,475,1,0,0,0,4,4,8,8,40
1,4,train,contract,0x4e4a7df876b0c04f0b8b29b9073eddfbaf5c787192da825ae7ca1031bc8cfd15,16,4,1,0,0,0,0,0,4,4,8
1,4,train,contract,0x502a94e5c525766d5ee7f16c6568131ba1b2cbadb69c703af05a6ef00336ed64,96,72,1,0,0,0,0,0,8,8,16
1,4,train,contract,0x5db999fad322cea2914535aae5517060c3f80ad6d8c0231cde2124a434d16846,689,637,1,0,4,0,0,0,0,0,48
1,4,train,contract,0x61b66d02793b4a68ab0cc25be60d65f517fe18c7d654041281bb130341244fcc,1917,1913,1,0,0,0,4,4,4,4,0
1,4,train,contract,0x62b0cd598091a179147acbd4616400f804acfdff6f76f029944b481b37cbd45f,504,496,1,0,0,0,4,4,8,8,0
1,4,train,contract,0x62f01109c53d585406b4545e5538b52d76f2895affd933da75190be788afc6ab,604,600,1,0,0,0,4,4,4,4,0
1,4,train,contract,0x64396449b471b10b006285fa49dd9a5df535694de7b4c703fdeb0d88d5c4cd33,875,684,1,0,4,0,0,0,40,40,147
1,4,train,contract,0x6bd56627aa21311850825edb27e53434a0e17a4f782be0086bc07f71eee00d0d,222,86,1,0,0,0,0,0,29,29,107
1,4,train,contract,0x747dc809fb79e1b05be09c42d6179459a58de2ef3e40f02484a4e1260f741f75,1722,1630,1,0,4,0,0,0,7,7,81
1,4,train,contract,0x7976b8dbacf9077eb1453a62bcefd6ab2df199acd28aad276ff0d920d6992892,1851,1670,1,0,4,0,0,0,24,24,153
1,4,train,contract,0x797d586ad45522306490b0cc9b2f21bdf957f3843476fae99f3bcc2cec83b74b,1296,1272,1,0,0,0,4,4,4,4,20
1,4,train,contract,0x7c6c69d91b21cbbea08a13d0ad51c0e96a956045aaadc77bce507c6b0475b66e,991,974,1,0,0,0,3,3,7,7,10
1,4,train,contract,0x7f695758278e6d4d9e63df862afa88d664d3402a3d26e4d32ae05121cdbddba6,722,546,1,0,4,0,0,0,57,57,115
1,4,train,contract,0x836b850fc838195374862551a36f1c8691d96ff01e58b0a071f0fc1a0e357fb1,1152,965,1,0,4,0,0,0,40,40,143
1,4,train,contract,0x8e7a03cb1970e2ad6533b01892403516b6b3f5b5fa90ed7d104c28b27e40ba00,0,0,0,0,0,0,0,0,0,0,0
1,4,train,contract,0x9352c559e9648ab4cab236087b64ca85c5b7123a4c7d9d7d4efde4a39c18056f,966,888,1,0,4,0,0,0,20,20,54
1,4,train,contract,0x9c08beafa73308625ad24e270e44d9edd634585f2424eea8df262a05a2337613,94,58,1,0,0,0,0,0,15,15,21
1,4,train,contract,0xa0f4c4924ea1a8b410b4ce821c2a9955fad21a1b19bdcfde90816732278b3dd5,0,0,0,0,0,0,0,0,0,0,0
1,4,train,contract,0xa7cb4135c6d9c36da0e343874dd5b455de739c6d1b9f9f5583dd9320aacf5db2,37,17,1,0,0,0,0,0,10,10,10
1,4,train,contract,0xa8b744720006da3c08b4dc8a61a5ce930542f550fcf8d27380ae898de636799d,589,585,1,0,0,0,4,4,4,4,0
1,4,train,contract,0xabb86b080e9858dcb3f46954010e49b6f539c20036856c7f999395bfd58d01e6,630,626,1,0,0,0,4,4,4,4,0
1,4,train,contract,0xae70ab9bf1c3726fe430a2ba8b517697ae24e0f0ab554b876a5b521153068882,1624,1362,1,0,0,0,0,0,40,40,222
1,4,train,contract,0xb232c915770ea41eb3ec3dbb2c7209c727759237383850f51045be7ffa3975e5,681,523,1,0,0,0,4,4,7,7,151
1,4,train,contract,0xbb4d51e6364066d92eb6f9b8413dd7193de70966736044463b205834805a1f3b,2051,2003,1,0,4,0,0,0,4,4,40
1,4,train,contract,0xd1747284d6048b2a3dcfbee489db405f36de18f9590197dd0e5c9f0c246bf050,1027,868,1,0,0,0,0,0,25,25,134
1,4,train,contract,0xd3cfc885ca1a482af4057f39937398fa5adc7a0b61e2381956384af1bf59ce6f,460,444,1,0,0,0,4,4,8,8,8
1,4,train,contract,0xd8b9ff369452daebce1ac8cb6a29d6817903e85168356c72812317f38e317613,375,356,1,0,0,0,0,0,7,7,12
1,4,train,contract,0xd9fb1184af0064e5e34b129f5b79afa5a17b7e32f2953ab05efed82315fee6d4,2061,2011,1,0,4,0,0,0,14,14,32
1,4,train,contract,0xdde06286a7b9464d344f410ab0b3d2ebc6469904e72c27fd982f65fdbf78768d,46,15,1,0,3,0,0,0,3,3,25
1,4,train,contract,0xde04b189b3f19eaccda02529a3ea67abfc46bff5c0c8fc42d8a2d0ed7b8f0d41,71,37,1,0,0,0,0,0,9,9,25
1,4,train,contract,0xe06a7e94cf2fa8dc2085b7610fe16e9be1cde6654f34d365c13da1149b276c61,1263,1015,1,0,0,0,0,0,55,55,193
1,4,train,contract,0xe93c89c41d1bb08d3bb40066d8565df301a696563b2542256e6e8bbbb1ec490d,1222,1210,1,0,0,0,4,4,4,4,8
1,4,train,contract,0xf2b177d6267194487880857175f9876fb2d352188f681dfe8bb732a665512305,0,0,0,0,0,0,0,0,0,0,0
1,4,train,contract,0xf2ce8d3897ac5009a131637d3575f1f91c579bd08eecce6ae2b2da0f32bbe6f1,492,399,1,0,0,0,4,4,8,8,85
1,4,evaluation,aggregate,__all__,32342,29168,23,1455,0,64,68,68,276,276,1379
1,4,evaluation,contract,0x01dffa7abae7e5d9b7fb44b06d537c5ac932e2ca422ab4b53366672f5e2dc7d6,1125,1008,1,0,0,3,3,3,21,21,93
1,4,evaluation,contract,0x0aeb566c973d193ef7f77d2532ba6bffe4f76d5f6b7c5422ceaa966536b7ef90,0,0,0,0,0,0,0,0,0,0,0
1,4,evaluation,contract,0x0b4cc3b739e1dfe5d73274740e7308b6fb389c5af040c3a174923d928d134bee,1667,1583,1,0,0,3,3,3,6,6,75
1,4,evaluation,contract,0x0c4cd2055d6ea89354ffddc55d6dbcef9355748112ea952fc925f3db6a5c457f,1821,1806,1,0,0,3,3,3,0,0,12
1,4,evaluation,contract,0x17815081230e3b9c78b098162c33b1ffa68c4ec29c123d3d14989599e0c2e113,0,0,0,0,0,0,0,0,0,0,0
1,4,evaluation,contract,0x22c3ce96a88bf01d0c5e320d029e7f8418c81d5be28f025b6ab07465bb508fb1,0,0,0,0,0,0,0,0,0,0,0
1,4,evaluation,contract,0x293fb49f43b12631ec4ad0617d9c0efc0eacce33416ef16f68521427daca1678,0,0,0,0,0,0,0,0,0,0,0
1,4,evaluation,contract,0x30cfb887558b20373a984da60c372fe5a90c0296aa6d8bb413a8aa7543846da2,1570,1483,1,0,0,3,3,3,8,8,76
1,4,evaluation,contract,0x31c0c931c848dfb6a5495b70637568437e76bc360fe23872865c56c9dbb1e5ef,0,0,0,0,0,0,0,0,0,0,0
1,4,evaluation,contract,0x32707ae194389a70f25314ec934851daba12d893da616c492ffe8b655b7759a9,0,0,0,0,0,0,0,0,0,0,0
1,4,evaluation,contract,0x35cc41270f5cdfd59b45e68ab85dc51b0b900d286a6c74ea006b8572d9ff5934,0,0,0,0,0,0,0,0,0,0,0
1,4,evaluation,contract,0x3d0a731ba69f087ccde2a2287ffc5fda1f8228a133711a068c96dbe428f5d30f,0,0,0,0,0,0,0,0,0,0,0
1,4,evaluation,contract,0x41c6341dd79903aca4bb0c29f5a7976946c3774d2fd72f38cbb7de7092144520,1419,1313,1,0,0,3,3,3,11,11,92
1,4,evaluation,contract,0x43ec78527bd98a0588dd9455685b2cc82f5743140cb3a154603dc03c02b57de5,0,0,0,0,0,0,0,0,0,0,0
1,4,evaluation,contract,0x46d40e851b24d9b0af4bc1942ccd86439cae82a9011767da14950df0ad997adf,0,0,0,0,0,0,0,0,0,0,0
1,4,evaluation,contract,0x478dfc905dd9f44631e7b3a2a76f8aaf5680bc77fd17fe79179664b0ca819a18,0,0,0,0,0,0,0,0,0,0,0
1,4,evaluation,contract,0x4e4a7df876b0c04f0b8b29b9073eddfbaf5c787192da825ae7ca1031bc8cfd15,1052,1000,1,0,0,3,3,3,16,16,33
1,4,evaluation,contract,0x502a94e5c525766d5ee7f16c6568131ba1b2cbadb69c703af05a6ef00336ed64,255,177,1,0,0,3,3,3,23,23,52
1,4,evaluation,contract,0x5db999fad322cea2914535aae5517060c3f80ad6d8c0231cde2124a434d16846,1815,1776,1,0,0,3,3,3,0,0,36
1,4,evaluation,contract,0x61b66d02793b4a68ab0cc25be60d65f517fe18c7d654041281bb130341244fcc,0,0,0,0,0,0,0,0,0,0,0
1,4,evaluation,contract,0x62b0cd598091a179147acbd4616400f804acfdff6f76f029944b481b37cbd45f,0,0,0,0,0,0,0,0,0,0,0
1,4,evaluation,contract,0x62f01109c53d585406b4545e5538b52d76f2895affd933da75190be788afc6ab,0,0,0,0,0,0,0,0,0,0,0
1,4,evaluation,contract,0x64396449b471b10b006285fa49dd9a5df535694de7b4c703fdeb0d88d5c4cd33,1310,1185,1,0,0,2,2,2,17,17,106
1,4,evaluation,contract,0x6bd56627aa21311850825edb27e53434a0e17a4f782be0086bc07f71eee00d0d,332,238,1,0,0,0,0,0,30,30,64
1,4,evaluation,contract,0x747dc809fb79e1b05be09c42d6179459a58de2ef3e40f02484a4e1260f741f75,1681,1625,1,0,0,3,3,3,7,7,46
1,4,evaluation,contract,0x7976b8dbacf9077eb1453a62bcefd6ab2df199acd28aad276ff0d920d6992892,1758,1747,1,0,0,3,3,3,4,4,4
1,4,evaluation,contract,0x797d586ad45522306490b0cc9b2f21bdf957f3843476fae99f3bcc2cec83b74b,0,0,0,0,0,0,0,0,0,0,0
1,4,evaluation,contract,0x7c6c69d91b21cbbea08a13d0ad51c0e96a956045aaadc77bce507c6b0475b66e,0,0,0,0,0,0,0,0,0,0,0
1,4,evaluation,contract,0x7f695758278e6d4d9e63df862afa88d664d3402a3d26e4d32ae05121cdbddba6,1250,1168,1,0,0,3,3,3,24,24,55
1,4,evaluation,contract,0x836b850fc838195374862551a36f1c8691d96ff01e58b0a071f0fc1a0e357fb1,1536,1478,1,0,0,2,2,2,11,11,45
1,4,evaluation,contract,0x8e7a03cb1970e2ad6533b01892403516b6b3f5b5fa90ed7d104c28b27e40ba00,593,0,0,593,0,0,4,4,0,0,0
1,4,evaluation,contract,0x9352c559e9648ab4cab236087b64ca85c5b7123a4c7d9d7d4efde4a39c18056f,1817,1786,1,0,0,3,3,3,0,0,28
1,4,evaluation,contract,0x9c08beafa73308625ad24e270e44d9edd634585f2424eea8df262a05a2337613,0,0,0,0,0,0,0,0,0,0,0
1,4,evaluation,contract,0xa0f4c4924ea1a8b410b4ce821c2a9955fad21a1b19bdcfde90816732278b3dd5,862,0,0,862,0,0,0,0,0,0,0
1,4,evaluation,contract,0xa7cb4135c6d9c36da0e343874dd5b455de739c6d1b9f9f5583dd9320aacf5db2,1029,934,1,0,0,3,3,3,19,19,73
1,4,evaluation,contract,0xa8b744720006da3c08b4dc8a61a5ce930542f550fcf8d27380ae898de636799d,0,0,0,0,0,0,0,0,0,0,0
1,4,evaluation,contract,0xabb86b080e9858dcb3f46954010e49b6f539c20036856c7f999395bfd58d01e6,0,0,0,0,0,0,0,0,0,0,0
1,4,evaluation,contract,0xae70ab9bf1c3726fe430a2ba8b517697ae24e0f0ab554b876a5b521153068882,1280,1204,1,0,0,3,3,3,17,17,56
1,4,evaluation,contract,0xb232c915770ea41eb3ec3dbb2c7209c727759237383850f51045be7ffa3975e5,0,0,0,0,0,0,0,0,0,0,0
1,4,evaluation,contract,0xbb4d51e6364066d92eb6f9b8413dd7193de70966736044463b205834805a1f3b,1189,1021,1,0,0,3,3,3,20,20,145
1,4,evaluation,contract,0xd1747284d6048b2a3dcfbee489db405f36de18f9590197dd0e5c9f0c246bf050,1389,1259,1,0,0,3,3,3,10,10,117
1,4,evaluation,contract,0xd3cfc885ca1a482af4057f39937398fa5adc7a0b61e2381956384af1bf59ce6f,0,0,0,0,0,0,0,0,0,0,0
1,4,evaluation,contract,0xd8b9ff369452daebce1ac8cb6a29d6817903e85168356c72812317f38e317613,0,0,0,0,0,0,0,0,0,0,0
1,4,evaluation,contract,0xd9fb1184af0064e5e34b129f5b79afa5a17b7e32f2953ab05efed82315fee6d4,1821,1806,1,0,0,3,3,3,0,0,12
1,4,evaluation,contract,0xdde06286a7b9464d344f410ab0b3d2ebc6469904e72c27fd982f65fdbf78768d,1188,1099,1,0,0,3,3,3,15,15,71
1,4,evaluation,contract,0xde04b189b3f19eaccda02529a3ea67abfc46bff5c0c8fc42d8a2d0ed7b8f0d41,1332,1273,1,0,0,3,3,3,7,7,49
1,4,evaluation,contract,0xe06a7e94cf2fa8dc2085b7610fe16e9be1cde6654f34d365c13da1149b276c61,1251,1199,1,0,0,3,3,3,10,10,39
1,4,evaluation,contract,0xe93c89c41d1bb08d3bb40066d8565df301a696563b2542256e6e8bbbb1ec490d,0,0,0,0,0,0,0,0,0,0,0
1,4,evaluation,contract,0xf2b177d6267194487880857175f9876fb2d352188f681dfe8bb732a665512305,0,0,0,0,0,0,0,0,0,0,0
1,4,evaluation,contract,0xf2ce8d3897ac5009a131637d3575f1f91c579bd08eecce6ae2b2da0f32bbe6f1,0,0,0,0,0,0,0,0,0,0,0
1,8,train,aggregate,__all__,39070,32470,46,0,114,0,148,148,1436,1436,5050
1,8,train,contract,0x01dffa7abae7e5d9b7fb44b06d537c5ac932e2ca422ab4b53366672f5e2dc7d6,923,512,1,0,0,0,0,0,104,104,307
1,8,train,contract,0x0aeb566c973d193ef7f77d2532ba6bffe4f76d5f6b7c5422ceaa966536b7ef90,498,450,1,0,0,0,3,3,16,16,32
1,8,train,contract,0x0b4cc3b739e1dfe5d73274740e7308b6fb389c5af040c3a174923d928d134bee,1560,1431,1,0,8,0,0,0,26,26,95
1,8,train,contract,0x0c4cd2055d6ea89354ffddc55d6dbcef9355748112ea952fc925f3db6a5c457f,793,619,1,0,8,0,0,0,28,28,138
1,8,train,contract,0x17815081230e3b9c78b098162c33b1ffa68c4ec29c123d3d14989599e0c2e113,1236,1202,1,0,0,0,7,7,7,7,27
1,8,train,contract,0x22c3ce96a88bf01d0c5e320d029e7f8418c81d5be28f025b6ab07465bb508fb1,454,414,1,0,0,0,0,0,16,16,24
1,8,train,contract,0x293fb49f43b12631ec4ad0617d9c0efc0eacce33416ef16f68521427daca1678,499,451,1,0,0,0,8,8,16,16,32
1,8,train,contract,0x30cfb887558b20373a984da60c372fe5a90c0296aa6d8bb413a8aa7543846da2,1163,746,1,0,8,0,0,0,96,96,313
1,8,train,contract,0x31c0c931c848dfb6a5495b70637568437e76bc360fe23872865c56c9dbb1e5ef,171,156,1,0,0,0,4,4,7,7,8
1,8,train,contract,0x32707ae194389a70f25314ec934851daba12d893da616c492ffe8b655b7759a9,248,190,1,0,0,0,8,8,8,8,50
1,8,train,contract,0x35cc41270f5cdfd59b45e68ab85dc51b0b900d286a6c74ea006b8572d9ff5934,1180,777,1,0,0,0,8,8,8,8,395
1,8,train,contract,0x3d0a731ba69f087ccde2a2287ffc5fda1f8228a133711a068c96dbe428f5d30f,202,155,1,0,0,0,0,0,23,23,24
1,8,train,contract,0x41c6341dd79903aca4bb0c29f5a7976946c3774d2fd72f38cbb7de7092144520,934,484,1,0,8,0,0,0,96,96,346
1,8,train,contract,0x43ec78527bd98a0588dd9455685b2cc82f5743140cb3a154603dc03c02b57de5,903,849,1,0,0,0,8,8,8,8,46
1,8,train,contract,0x46d40e851b24d9b0af4bc1942ccd86439cae82a9011767da14950df0ad997adf,1437,1357,1,0,0,0,8,8,39,39,41
1,8,train,contract,0x478dfc905dd9f44631e7b3a2a76f8aaf5680bc77fd17fe79179664b0ca819a18,523,427,1,0,0,0,8,8,16,16,80
1,8,train,contract,0x4e4a7df876b0c04f0b8b29b9073eddfbaf5c787192da825ae7ca1031bc8cfd15,16,0,0,0,0,0,0,0,7,7,9
1,8,train,contract,0x502a94e5c525766d5ee7f16c6568131ba1b2cbadb69c703af05a6ef00336ed64,96,54,1,0,0,0,0,0,16,16,26
1,8,train,contract,0x5db999fad322cea2914535aae5517060c3f80ad6d8c0231cde2124a434d16846,689,585,1,0,8,0,0,0,0,0,96
1,8,train,contract,0x61b66d02793b4a68ab0cc25be60d65f517fe18c7d654041281bb130341244fcc,1917,1909,1,0,0,0,8,8,8,8,0
1,8,train,contract,0x62b0cd598091a179147acbd4616400f804acfdff6f76f029944b481b37cbd45f,504,488,1,0,0,0,8,8,16,16,0
1,8,train,contract,0x62f01109c53d585406b4545e5538b52d76f2895affd933da75190be788afc6ab,604,596,1,0,0,0,8,8,8,8,0
1,8,train,contract,0x64396449b471b10b006285fa49dd9a5df535694de7b4c703fdeb0d88d5c4cd33,875,566,1,0,8,0,0,0,73,73,228
1,8,train,contract,0x6bd56627aa21311850825edb27e53434a0e17a4f782be0086bc07f71eee00d0d,222,31,1,0,0,0,0,0,56,56,135
1,8,train,contract,0x747dc809fb79e1b05be09c42d6179459a58de2ef3e40f02484a4e1260f741f75,1722,1558,1,0,8,0,0,0,15,15,141
1,8,train,contract,0x7976b8dbacf9077eb1453a62bcefd6ab2df199acd28aad276ff0d920d6992892,1851,1538,1,0,8,0,0,0,42,42,263
1,8,train,contract,0x797d586ad45522306490b0cc9b2f21bdf957f3843476fae99f3bcc2cec83b74b,1296,1249,1,0,0,0,8,8,8,8,39
1,8,train,contract,0x7c6c69d91b21cbbea08a13d0ad51c0e96a956045aaadc77bce507c6b0475b66e,991,958,1,0,0,0,7,7,15,15,18
1,8,train,contract,0x7f695758278e6d4d9e63df862afa88d664d3402a3d26e4d32ae05121cdbddba6,722,415,1,0,8,0,0,0,119,119,180
1,8,train,contract,0x836b850fc838195374862551a36f1c8691d96ff01e58b0a071f0fc1a0e357fb1,1152,823,1,0,8,0,0,0,82,82,239
1,8,train,contract,0x8e7a03cb1970e2ad6533b01892403516b6b3f5b5fa90ed7d104c28b27e40ba00,0,0,0,0,0,0,0,0,0,0,0
1,8,train,contract,0x9352c559e9648ab4cab236087b64ca85c5b7123a4c7d9d7d4efde4a39c18056f,966,839,1,0,8,0,0,0,34,34,85
1,8,train,contract,0x9c08beafa73308625ad24e270e44d9edd634585f2424eea8df262a05a2337613,94,37,1,0,0,0,0,0,27,27,30
1,8,train,contract,0xa0f4c4924ea1a8b410b4ce821c2a9955fad21a1b19bdcfde90816732278b3dd5,0,0,0,0,0,0,0,0,0,0,0
1,8,train,contract,0xa7cb4135c6d9c36da0e343874dd5b455de739c6d1b9f9f5583dd9320aacf5db2,37,5,1,0,0,0,0,0,18,18,14
1,8,train,contract,0xa8b744720006da3c08b4dc8a61a5ce930542f550fcf8d27380ae898de636799d,589,581,1,0,0,0,8,8,8,8,0
1,8,train,contract,0xabb86b080e9858dcb3f46954010e49b6f539c20036856c7f999395bfd58d01e6,630,622,1,0,0,0,8,8,8,8,0
1,8,train,contract,0xae70ab9bf1c3726fe430a2ba8b517697ae24e0f0ab554b876a5b521153068882,1624,1158,1,0,2,0,0,0,78,78,386
1,8,train,contract,0xb232c915770ea41eb3ec3dbb2c7209c727759237383850f51045be7ffa3975e5,681,417,1,0,0,0,8,8,15,15,249
1,8,train,contract,0xbb4d51e6364066d92eb6f9b8413dd7193de70966736044463b205834805a1f3b,2051,1955,1,0,8,0,0,0,8,8,80
1,8,train,contract,0xd1747284d6048b2a3dcfbee489db405f36de18f9590197dd0e5c9f0c246bf050,1027,759,1,0,2,0,0,0,46,46,220
1,8,train,contract,0xd3cfc885ca1a482af4057f39937398fa5adc7a0b61e2381956384af1bf59ce6f,460,432,1,0,0,0,7,7,15,15,13
1,8,train,contract,0xd8b9ff369452daebce1ac8cb6a29d6817903e85168356c72812317f38e317613,375,340,1,0,0,0,0,0,14,14,21
1,8,train,contract,0xd9fb1184af0064e5e34b129f5b79afa5a17b7e32f2953ab05efed82315fee6d4,2061,1969,1,0,8,0,0,0,26,26,58
1,8,train,contract,0xdde06286a7b9464d344f410ab0b3d2ebc6469904e72c27fd982f65fdbf78768d,46,2,1,0,6,0,0,0,7,7,31
1,8,train,contract,0xde04b189b3f19eaccda02529a3ea67abfc46bff5c0c8fc42d8a2d0ed7b8f0d41,71,17,1,0,0,0,0,0,20,20,34
1,8,train,contract,0xe06a7e94cf2fa8dc2085b7610fe16e9be1cde6654f34d365c13da1149b276c61,1263,819,1,0,0,0,0,0,109,109,335
1,8,train,contract,0xe93c89c41d1bb08d3bb40066d8565df301a696563b2542256e6e8bbbb1ec490d,1222,1198,1,0,0,0,8,8,8,8,16
1,8,train,contract,0xf2b177d6267194487880857175f9876fb2d352188f681dfe8bb732a665512305,0,0,0,0,0,0,0,0,0,0,0
1,8,train,contract,0xf2ce8d3897ac5009a131637d3575f1f91c579bd08eecce6ae2b2da0f32bbe6f1,492,330,1,0,0,0,8,8,16,16,146
1,8,evaluation,aggregate,__all__,32342,27806,23,1455,0,152,160,160,535,535,2394
1,8,evaluation,contract,0x01dffa7abae7e5d9b7fb44b06d537c5ac932e2ca422ab4b53366672f5e2dc7d6,1125,922,1,0,0,7,7,7,41,41,155
1,8,evaluation,contract,0x0aeb566c973d193ef7f77d2532ba6bffe4f76d5f6b7c5422ceaa966536b7ef90,0,0,0,0,0,0,0,0,0,0,0
1,8,evaluation,contract,0x0b4cc3b739e1dfe5d73274740e7308b6fb389c5af040c3a174923d928d134bee,1667,1510,1,0,0,7,7,7,14,14,136
1,8,evaluation,contract,0x0c4cd2055d6ea89354ffddc55d6dbcef9355748112ea952fc925f3db6a5c457f,1821,1790,1,0,0,7,7,7,0,0,24
1,8,evaluation,contract,0x17815081230e3b9c78b098162c33b1ffa68c4ec29c123d3d14989599e0c2e113,0,0,0,0,0,0,0,0,0,0,0
1,8,evaluation,contract,0x22c3ce96a88bf01d0c5e320d029e7f8418c81d5be28f025b6ab07465bb508fb1,0,0,0,0,0,0,0,0,0,0,0
1,8,evaluation,contract,0x293fb49f43b12631ec4ad0617d9c0efc0eacce33416ef16f68521427daca1678,0,0,0,0,0,0,0,0,0,0,0
1,8,evaluation,contract,0x30cfb887558b20373a984da60c372fe5a90c0296aa6d8bb413a8aa7543846da2,1570,1407,1,0,0,7,7,7,16,16,140
1,8,evaluation,contract,0x31c0c931c848dfb6a5495b70637568437e76bc360fe23872865c56c9dbb1e5ef,0,0,0,0,0,0,0,0,0,0,0
1,8,evaluation,contract,0x32707ae194389a70f25314ec934851daba12d893da616c492ffe8b655b7759a9,0,0,0,0,0,0,0,0,0,0,0
1,8,evaluation,contract,0x35cc41270f5cdfd59b45e68ab85dc51b0b900d286a6c74ea006b8572d9ff5934,0,0,0,0,0,0,0,0,0,0,0
1,8,evaluation,contract,0x3d0a731ba69f087ccde2a2287ffc5fda1f8228a133711a068c96dbe428f5d30f,0,0,0,0,0,0,0,0,0,0,0
1,8,evaluation,contract,0x41c6341dd79903aca4bb0c29f5a7976946c3774d2fd72f38cbb7de7092144520,1419,1221,1,0,0,7,7,7,22,22,169
1,8,evaluation,contract,0x43ec78527bd98a0588dd9455685b2cc82f5743140cb3a154603dc03c02b57de5,0,0,0,0,0,0,0,0,0,0,0
1,8,evaluation,contract,0x46d40e851b24d9b0af4bc1942ccd86439cae82a9011767da14950df0ad997adf,0,0,0,0,0,0,0,0,0,0,0
1,8,evaluation,contract,0x478dfc905dd9f44631e7b3a2a76f8aaf5680bc77fd17fe79179664b0ca819a18,0,0,0,0,0,0,0,0,0,0,0
1,8,evaluation,contract,0x4e4a7df876b0c04f0b8b29b9073eddfbaf5c787192da825ae7ca1031bc8cfd15,1052,953,1,0,0,7,7,7,28,28,64
1,8,evaluation,contract,0x502a94e5c525766d5ee7f16c6568131ba1b2cbadb69c703af05a6ef00336ed64,255,125,1,0,0,7,7,7,39,39,84
1,8,evaluation,contract,0x5db999fad322cea2914535aae5517060c3f80ad6d8c0231cde2124a434d16846,1815,1736,1,0,0,7,7,7,0,0,72
1,8,evaluation,contract,0x61b66d02793b4a68ab0cc25be60d65f517fe18c7d654041281bb130341244fcc,0,0,0,0,0,0,0,0,0,0,0
1,8,evaluation,contract,0x62b0cd598091a179147acbd4616400f804acfdff6f76f029944b481b37cbd45f,0,0,0,0,0,0,0,0,0,0,0
1,8,evaluation,contract,0x62f01109c53d585406b4545e5538b52d76f2895affd933da75190be788afc6ab,0,0,0,0,0,0,0,0,0,0,0
1,8,evaluation,contract,0x64396449b471b10b006285fa49dd9a5df535694de7b4c703fdeb0d88d5c4cd33,1310,1077,1,0,0,6,6,6,37,37,190
1,8,evaluation,contract,0x6bd56627aa21311850825edb27e53434a0e17a4f782be0086bc07f71eee00d0d,332,187,1,0,0,0,0,0,53,53,92
1,8,evaluation,contract,0x747dc809fb79e1b05be09c42d6179459a58de2ef3e40f02484a4e1260f741f75,1681,1570,1,0,0,7,7,7,15,15,89
1,8,evaluation,contract,0x7976b8dbacf9077eb1453a62bcefd6ab2df199acd28aad276ff0d920d6992892,1758,1735,1,0,0,7,7,7,8,8,8
1,8,evaluation,contract,0x797d586ad45522306490b0cc9b2f21bdf957f3843476fae99f3bcc2cec83b74b,0,0,0,0,0,0,0,0,0,0,0
1,8,evaluation,contract,0x7c6c69d91b21cbbea08a13d0ad51c0e96a956045aaadc77bce507c6b0475b66e,0,0,0,0,0,0,0,0,0,0,0
1,8,evaluation,contract,0x7f695758278e6d4d9e63df862afa88d664d3402a3d26e4d32ae05121cdbddba6,1250,1100,1,0,0,7,7,7,47,47,96
1,8,evaluation,contract,0x836b850fc838195374862551a36f1c8691d96ff01e58b0a071f0fc1a0e357fb1,1536,1426,1,0,0,6,6,6,19,19,85
1,8,evaluation,contract,0x8e7a03cb1970e2ad6533b01892403516b6b3f5b5fa90ed7d104c28b27e40ba00,593,0,0,593,0,0,8,8,0,0,0
1,8,evaluation,contract,0x9352c559e9648ab4cab236087b64ca85c5b7123a4c7d9d7d4efde4a39c18056f,1817,1754,1,0,0,7,7,7,0,0,56
1,8,evaluation,contract,0x9c08beafa73308625ad24e270e44d9edd634585f2424eea8df262a05a2337613,0,0,0,0,0,0,0,0,0,0,0
1,8,evaluation,contract,0xa0f4c4924ea1a8b410b4ce821c2a9955fad21a1b19bdcfde90816732278b3dd5,862,0,0,862,0,0,0,0,0,0,0
1,8,evaluation,contract,0xa7cb4135c6d9c36da0e343874dd5b455de739c6d1b9f9f5583dd9320aacf5db2,1029,893,1,0,0,7,7,7,37,37,92
1,8,evaluation,contract,0xa8b744720006da3c08b4dc8a61a5ce930542f550fcf8d27380ae898de636799d,0,0,0,0,0,0,0,0,0,0,0
1,8,evaluation,contract,0xabb86b080e9858dcb3f46954010e49b6f539c20036856c7f999395bfd58d01e6,0,0,0,0,0,0,0,0,0,0,0
1,8,evaluation,contract,0xae70ab9bf1c3726fe430a2ba8b517697ae24e0f0ab554b876a5b521153068882,1280,1143,1,0,0,7,7,7,33,33,97
1,8,evaluation,contract,0xb232c915770ea41eb3ec3dbb2c7209c727759237383850f51045be7ffa3975e5,0,0,0,0,0,0,0,0,0,0,0
1,8,evaluation,contract,0xbb4d51e6364066d92eb6f9b8413dd7193de70966736044463b205834805a1f3b,1189,883,1,0,0,7,7,7,39,39,260
1,8,evaluation,contract,0xd1747284d6048b2a3dcfbee489db405f36de18f9590197dd0e5c9f0c246bf050,1389,1162,1,0,0,7,7,7,21,21,199
1,8,evaluation,contract,0xd3cfc885ca1a482af4057f39937398fa5adc7a0b61e2381956384af1bf59ce6f,0,0,0,0,0,0,0,0,0,0,0
1,8,evaluation,contract,0xd8b9ff369452daebce1ac8cb6a29d6817903e85168356c72812317f38e317613,0,0,0,0,0,0,0,0,0,0,0
1,8,evaluation,contract,0xd9fb1184af0064e5e34b129f5b79afa5a17b7e32f2953ab05efed82315fee6d4,1821,1790,1,0,0,7,7,7,0,0,24
1,8,evaluation,contract,0xdde06286a7b9464d344f410ab0b3d2ebc6469904e72c27fd982f65fdbf78768d,1188,1039,1,0,0,7,7,7,30,30,112
1,8,evaluation,contract,0xde04b189b3f19eaccda02529a3ea67abfc46bff5c0c8fc42d8a2d0ed7b8f0d41,1332,1232,1,0,0,7,7,7,14,14,79
1,8,evaluation,contract,0xe06a7e94cf2fa8dc2085b7610fe16e9be1cde6654f34d365c13da1149b276c61,1251,1151,1,0,0,7,7,7,22,22,71
1,8,evaluation,contract,0xe93c89c41d1bb08d3bb40066d8565df301a696563b2542256e6e8bbbb1ec490d,0,0,0,0,0,0,0,0,0,0,0
1,8,evaluation,contract,0xf2b177d6267194487880857175f9876fb2d352188f681dfe8bb732a665512305,0,0,0,0,0,0,0,0,0,0,0
1,8,evaluation,contract,0xf2ce8d3897ac5009a131637d3575f1f91c579bd08eecce6ae2b2da0f32bbe6f1,0,0,0,0,0,0,0,0,0,0,0
1,24,train,aggregate,__all__,39070,25685,41,0,375,0,465,465,3786,3786,9224
1,24,train,contract,0x01dffa7abae7e5d9b7fb44b06d537c5ac932e2ca422ab4b53366672f5e2dc7d6,923,135,1,0,7,0,0,0,266,266,515
1,24,train,contract,0x0aeb566c973d193ef7f77d2532ba6bffe4f76d5f6b7c5422ceaa966536b7ef90,498,364,1,0,0,0,19,19,48,48,86
1,24,train,contract,0x0b4cc3b739e1dfe5d73274740e7308b6fb389c5af040c3a174923d928d134bee,1560,1306,1,0,24,0,0,0,55,55,175
1,24,train,contract,0x0c4cd2055d6ea89354ffddc55d6dbcef9355748112ea952fc925f3db6a5c457f,793,427,1,0,24,0,0,0,69,69,273
1,24,train,contract,0x17815081230e3b9c78b098162c33b1ffa68c4ec29c123d3d14989599e0c2e113,1236,1148,1,0,0,0,23,23,23,23,65
1,24,train,contract,0x22c3ce96a88bf01d0c5e320d029e7f8418c81d5be28f025b6ab07465bb508fb1,454,362,1,0,0,0,1,1,47,47,45
1,24,train,contract,0x293fb49f43b12631ec4ad0617d9c0efc0eacce33416ef16f68521427daca1678,499,363,1,0,0,0,24,24,48,48,88
1,24,train,contract,0x30cfb887558b20373a984da60c372fe5a90c0296aa6d8bb413a8aa7543846da2,1163,339,1,0,24,0,0,0,267,267,533
1,24,train,contract,0x31c0c931c848dfb6a5495b70637568437e76bc360fe23872865c56c9dbb1e5ef,171,140,1,0,0,0,19,19,23,23,8
1,24,train,contract,0x32707ae194389a70f25314ec934851daba12d893da616c492ffe8b655b7759a9,248,158,1,0,0,0,24,24,24,24,66
1,24,train,contract,0x35cc41270f5cdfd59b45e68ab85dc51b0b900d286a6c74ea006b8572d9ff5934,1180,436,1,0,0,0,24,24,24,24,720
1,24,train,contract,0x3d0a731ba69f087ccde2a2287ffc5fda1f8228a133711a068c96dbe428f5d30f,202,91,1,0,0,0,0,0,55,55,56
1,24,train,contract,0x41c6341dd79903aca4bb0c29f5a7976946c3774d2fd72f38cbb7de7092144520,934,88,1,0,23,0,0,0,243,243,580
1,24,train,contract,0x43ec78527bd98a0588dd9455685b2cc82f5743140cb3a154603dc03c02b57de5,903,762,1,0,0,0,24,24,24,24,117
1,24,train,contract,0x46d40e851b24d9b0af4bc1942ccd86439cae82a9011767da14950df0ad997adf,1437,1232,1,0,0,0,24,24,103,103,102
1,24,train,contract,0x478dfc905dd9f44631e7b3a2a76f8aaf5680bc77fd17fe79179664b0ca819a18,523,271,1,0,0,0,23,23,47,47,205
1,24,train,contract,0x4e4a7df876b0c04f0b8b29b9073eddfbaf5c787192da825ae7ca1031bc8cfd15,16,0,0,0,0,0,0,0,16,16,0
1,24,train,contract,0x502a94e5c525766d5ee7f16c6568131ba1b2cbadb69c703af05a6ef00336ed64,96,13,1,0,0,0,0,0,39,39,44
1,24,train,contract,0x5db999fad322cea2914535aae5517060c3f80ad6d8c0231cde2124a434d16846,689,407,1,0,24,0,0,0,0,0,258
1,24,train,contract,0x61b66d02793b4a68ab0cc25be60d65f517fe18c7d654041281bb130341244fcc,1917,1893,1,0,0,0,24,24,24,24,0
1,24,train,contract,0x62b0cd598091a179147acbd4616400f804acfdff6f76f029944b481b37cbd45f,504,456,1,0,0,0,24,24,48,48,0
1,24,train,contract,0x62f01109c53d585406b4545e5538b52d76f2895affd933da75190be788afc6ab,604,580,1,0,0,0,24,24,24,24,0
1,24,train,contract,0x64396449b471b10b006285fa49dd9a5df535694de7b4c703fdeb0d88d5c4cd33,875,305,1,0,24,0,0,0,212,212,334
1,24,train,contract,0x6bd56627aa21311850825edb27e53434a0e17a4f782be0086bc07f71eee00d0d,222,0,0,0,0,0,0,0,136,136,86
1,24,train,contract,0x747dc809fb79e1b05be09c42d6179459a58de2ef3e40f02484a4e1260f741f75,1722,1345,1,0,23,0,0,0,46,46,308
1,24,train,contract,0x7976b8dbacf9077eb1453a62bcefd6ab2df199acd28aad276ff0d920d6992892,1851,1238,1,0,24,0,0,0,116,116,473
1,24,train,contract,0x797d586ad45522306490b0cc9b2f21bdf957f3843476fae99f3bcc2cec83b74b,1296,1174,1,0,0,0,24,24,24,24,98
1,24,train,contract,0x7c6c69d91b21cbbea08a13d0ad51c0e96a956045aaadc77bce507c6b0475b66e,991,894,1,0,0,0,23,23,47,47,50
1,24,train,contract,0x7f695758278e6d4d9e63df862afa88d664d3402a3d26e4d32ae05121cdbddba6,722,119,1,0,24,0,0,0,329,329,250
1,24,train,contract,0x836b850fc838195374862551a36f1c8691d96ff01e58b0a071f0fc1a0e357fb1,1152,495,1,0,24,0,0,0,195,195,438
1,24,train,contract,0x8e7a03cb1970e2ad6533b01892403516b6b3f5b5fa90ed7d104c28b27e40ba00,0,0,0,0,0,0,0,0,0,0,0
1,24,train,contract,0x9352c559e9648ab4cab236087b64ca85c5b7123a4c7d9d7d4efde4a39c18056f,966,739,1,0,24,0,0,0,86,86,117
1,24,train,contract,0x9c08beafa73308625ad24e270e44d9edd634585f2424eea8df262a05a2337613,94,0,0,0,0,0,0,0,47,47,47
1,24,train,contract,0xa0f4c4924ea1a8b410b4ce821c2a9955fad21a1b19bdcfde90816732278b3dd5,0,0,0,0,0,0,0,0,0,0,0
1,24,train,contract,0xa7cb4135c6d9c36da0e343874dd5b455de739c6d1b9f9f5583dd9320aacf5db2,37,0,0,0,0,0,0,0,35,35,2
1,24,train,contract,0xa8b744720006da3c08b4dc8a61a5ce930542f550fcf8d27380ae898de636799d,589,565,1,0,0,0,24,24,24,24,0
1,24,train,contract,0xabb86b080e9858dcb3f46954010e49b6f539c20036856c7f999395bfd58d01e6,630,606,1,0,0,0,24,24,24,24,0
1,24,train,contract,0xae70ab9bf1c3726fe430a2ba8b517697ae24e0f0ab554b876a5b521153068882,1624,602,1,0,18,0,0,0,211,211,793
1,24,train,contract,0xb232c915770ea41eb3ec3dbb2c7209c727759237383850f51045be7ffa3975e5,681,143,1,0,0,0,24,24,45,45,493
1,24,train,contract,0xbb4d51e6364066d92eb6f9b8413dd7193de70966736044463b205834805a1f3b,2051,1790,1,0,24,0,0,0,23,23,214
1,24,train,contract,0xd1747284d6048b2a3dcfbee489db405f36de18f9590197dd0e5c9f0c246bf050,1027,493,1,0,16,0,0,0,116,116,402
1,24,train,contract,0xd3cfc885ca1a482af4057f39937398fa5adc7a0b61e2381956384af1bf59ce6f,460,400,1,0,0,0,22,22,46,46,14
1,24,train,contract,0xd8b9ff369452daebce1ac8cb6a29d6817903e85168356c72812317f38e317613,375,294,1,0,0,0,0,0,44,44,37
1,24,train,contract,0xd9fb1184af0064e5e34b129f5b79afa5a17b7e32f2953ab05efed82315fee6d4,2061,1836,1,0,24,0,0,0,56,56,145
1,24,train,contract,0xdde06286a7b9464d344f410ab0b3d2ebc6469904e72c27fd982f65fdbf78768d,46,0,0,0,12,0,0,0,21,21,13
1,24,train,contract,0xde04b189b3f19eaccda02529a3ea67abfc46bff5c0c8fc42d8a2d0ed7b8f0d41,71,0,0,0,0,0,0,0,50,50,21
1,24,train,contract,0xe06a7e94cf2fa8dc2085b7610fe16e9be1cde6654f34d365c13da1149b276c61,1263,370,1,0,12,0,0,0,265,265,616
1,24,train,contract,0xe93c89c41d1bb08d3bb40066d8565df301a696563b2542256e6e8bbbb1ec490d,1222,1160,1,0,0,0,24,24,24,24,38
1,24,train,contract,0xf2b177d6267194487880857175f9876fb2d352188f681dfe8bb732a665512305,0,0,0,0,0,0,0,0,0,0,0
1,24,train,contract,0xf2ce8d3897ac5009a131637d3575f1f91c579bd08eecce6ae2b2da0f32bbe6f1,492,146,1,0,0,0,23,23,47,47,299
1,24,evaluation,aggregate,__all__,32342,23882,23,1455,0,503,527,527,1418,1418,5084
1,24,evaluation,contract,0x01dffa7abae7e5d9b7fb44b06d537c5ac932e2ca422ab4b53366672f5e2dc7d6,1125,682,1,0,0,23,23,23,118,118,302
1,24,evaluation,contract,0x0aeb566c973d193ef7f77d2532ba6bffe4f76d5f6b7c5422ceaa966536b7ef90,0,0,0,0,0,0,0,0,0,0,0
1,24,evaluation,contract,0x0b4cc3b739e1dfe5d73274740e7308b6fb389c5af040c3a174923d928d134bee,1667,1257,1,0,0,23,23,23,39,39,348
1,24,evaluation,contract,0x0c4cd2055d6ea89354ffddc55d6dbcef9355748112ea952fc925f3db6a5c457f,1821,1726,1,0,0,23,23,23,0,0,72
1,24,evaluation,contract,0x17815081230e3b9c78b098162c33b1ffa68c4ec29c123d3d14989599e0c2e113,0,0,0,0,0,0,0,0,0,0,0
1,24,evaluation,contract,0x22c3ce96a88bf01d0c5e320d029e7f8418c81d5be28f025b6ab07465bb508fb1,0,0,0,0,0,0,0,0,0,0,0
1,24,evaluation,contract,0x293fb49f43b12631ec4ad0617d9c0efc0eacce33416ef16f68521427daca1678,0,0,0,0,0,0,0,0,0,0,0
1,24,evaluation,contract,0x30cfb887558b20373a984da60c372fe5a90c0296aa6d8bb413a8aa7543846da2,1570,1166,1,0,0,23,23,23,46,46,335
1,24,evaluation,contract,0x31c0c931c848dfb6a5495b70637568437e76bc360fe23872865c56c9dbb1e5ef,0,0,0,0,0,0,0,0,0,0,0
1,24,evaluation,contract,0x32707ae194389a70f25314ec934851daba12d893da616c492ffe8b655b7759a9,0,0,0,0,0,0,0,0,0,0,0
1,24,evaluation,contract,0x35cc41270f5cdfd59b45e68ab85dc51b0b900d286a6c74ea006b8572d9ff5934,0,0,0,0,0,0,0,0,0,0,0
1,24,evaluation,contract,0x3d0a731ba69f087ccde2a2287ffc5fda1f8228a133711a068c96dbe428f5d30f,0,0,0,0,0,0,0,0,0,0,0
1,24,evaluation,contract,0x41c6341dd79903aca4bb0c29f5a7976946c3774d2fd72f38cbb7de7092144520,1419,924,1,0,0,22,22,22,63,63,410
1,24,evaluation,contract,0x43ec78527bd98a0588dd9455685b2cc82f5743140cb3a154603dc03c02b57de5,0,0,0,0,0,0,0,0,0,0,0
1,24,evaluation,contract,0x46d40e851b24d9b0af4bc1942ccd86439cae82a9011767da14950df0ad997adf,0,0,0,0,0,0,0,0,0,0,0
1,24,evaluation,contract,0x478dfc905dd9f44631e7b3a2a76f8aaf5680bc77fd17fe79179664b0ca819a18,0,0,0,0,0,0,0,0,0,0,0
1,24,evaluation,contract,0x4e4a7df876b0c04f0b8b29b9073eddfbaf5c787192da825ae7ca1031bc8cfd15,1052,808,1,0,0,23,23,23,60,60,161
1,24,evaluation,contract,0x502a94e5c525766d5ee7f16c6568131ba1b2cbadb69c703af05a6ef00336ed64,255,70,1,0,0,23,23,23,98,98,64
1,24,evaluation,contract,0x5db999fad322cea2914535aae5517060c3f80ad6d8c0231cde2124a434d16846,1815,1580,1,0,0,23,23,23,0,0,212
1,24,evaluation,contract,0x61b66d02793b4a68ab0cc25be60d65f517fe18c7d654041281bb130341244fcc,0,0,0,0,0,0,0,0,0,0,0
1,24,evaluation,contract,0x62b0cd598091a179147acbd4616400f804acfdff6f76f029944b481b37cbd45f,0,0,0,0,0,0,0,0,0,0,0
1,24,evaluation,contract,0x62f01109c53d585406b4545e5538b52d76f2895affd933da75190be788afc6ab,0,0,0,0,0,0,0,0,0,0,0
1,24,evaluation,contract,0x64396449b471b10b006285fa49dd9a5df535694de7b4c703fdeb0d88d5c4cd33,1310,784,1,0,0,22,22,22,109,109,395
1,24,evaluation,contract,0x6bd56627aa21311850825edb27e53434a0e17a4f782be0086bc07f71eee00d0d,332,103,1,0,0,0,0,0,99,99,130
1,24,evaluation,contract,0x747dc809fb79e1b05be09c42d6179459a58de2ef3e40f02484a4e1260f741f75,1681,1362,1,0,0,23,23,23,47,47,249
1,24,evaluation,contract,0x7976b8dbacf9077eb1453a62bcefd6ab2df199acd28aad276ff0d920d6992892,1758,1687,1,0,0,23,23,23,24,24,24
1,24,evaluation,contract,0x797d586ad45522306490b0cc9b2f21bdf957f3843476fae99f3bcc2cec83b74b,0,0,0,0,0,0,0,0,0,0,0
1,24,evaluation,contract,0x7c6c69d91b21cbbea08a13d0ad51c0e96a956045aaadc77bce507c6b0475b66e,0,0,0,0,0,0,0,0,0,0,0
1,24,evaluation,contract,0x7f695758278e6d4d9e63df862afa88d664d3402a3d26e4d32ae05121cdbddba6,1250,884,1,0,0,23,23,23,138,138,205
1,24,evaluation,contract,0x836b850fc838195374862551a36f1c8691d96ff01e58b0a071f0fc1a0e357fb1,1536,1257,1,0,0,22,22,22,50,50,207
1,24,evaluation,contract,0x8e7a03cb1970e2ad6533b01892403516b6b3f5b5fa90ed7d104c28b27e40ba00,593,0,0,593,0,0,24,24,0,0,0
1,24,evaluation,contract,0x9352c559e9648ab4cab236087b64ca85c5b7123a4c7d9d7d4efde4a39c18056f,1817,1628,1,0,0,23,23,23,0,0,166
1,24,evaluation,contract,0x9c08beafa73308625ad24e270e44d9edd634585f2424eea8df262a05a2337613,0,0,0,0,0,0,0,0,0,0,0
1,24,evaluation,contract,0xa0f4c4924ea1a8b410b4ce821c2a9955fad21a1b19bdcfde90816732278b3dd5,862,0,0,862,0,0,0,0,0,0,0
1,24,evaluation,contract,0xa7cb4135c6d9c36da0e343874dd5b455de739c6d1b9f9f5583dd9320aacf5db2,1029,830,1,0,0,23,23,23,83,83,93
1,24,evaluation,contract,0xa8b744720006da3c08b4dc8a61a5ce930542f550fcf8d27380ae898de636799d,0,0,0,0,0,0,0,0,0,0,0
1,24,evaluation,contract,0xabb86b080e9858dcb3f46954010e49b6f539c20036856c7f999395bfd58d01e6,0,0,0,0,0,0,0,0,0,0,0
1,24,evaluation,contract,0xae70ab9bf1c3726fe430a2ba8b517697ae24e0f0ab554b876a5b521153068882,1280,948,1,0,0,23,23,23,80,80,229
1,24,evaluation,contract,0xb232c915770ea41eb3ec3dbb2c7209c727759237383850f51045be7ffa3975e5,0,0,0,0,0,0,0,0,0,0,0
1,24,evaluation,contract,0xbb4d51e6364066d92eb6f9b8413dd7193de70966736044463b205834805a1f3b,1189,549,1,0,0,23,23,23,114,114,503
1,24,evaluation,contract,0xd1747284d6048b2a3dcfbee489db405f36de18f9590197dd0e5c9f0c246bf050,1389,884,1,0,0,23,23,23,66,66,416
1,24,evaluation,contract,0xd3cfc885ca1a482af4057f39937398fa5adc7a0b61e2381956384af1bf59ce6f,0,0,0,0,0,0,0,0,0,0,0
1,24,evaluation,contract,0xd8b9ff369452daebce1ac8cb6a29d6817903e85168356c72812317f38e317613,0,0,0,0,0,0,0,0,0,0,0
1,24,evaluation,contract,0xd9fb1184af0064e5e34b129f5b79afa5a17b7e32f2953ab05efed82315fee6d4,1821,1726,1,0,0,23,23,23,0,0,72
1,24,evaluation,contract,0xdde06286a7b9464d344f410ab0b3d2ebc6469904e72c27fd982f65fdbf78768d,1188,912,1,0,0,23,23,23,87,87,166
1,24,evaluation,contract,0xde04b189b3f19eaccda02529a3ea67abfc46bff5c0c8fc42d8a2d0ed7b8f0d41,1332,1137,1,0,0,23,23,23,39,39,133
1,24,evaluation,contract,0xe06a7e94cf2fa8dc2085b7610fe16e9be1cde6654f34d365c13da1149b276c61,1251,978,1,0,0,23,23,23,58,58,192
1,24,evaluation,contract,0xe93c89c41d1bb08d3bb40066d8565df301a696563b2542256e6e8bbbb1ec490d,0,0,0,0,0,0,0,0,0,0,0
1,24,evaluation,contract,0xf2b177d6267194487880857175f9876fb2d352188f681dfe8bb732a665512305,0,0,0,0,0,0,0,0,0,0,0
1,24,evaluation,contract,0xf2ce8d3897ac5009a131637d3575f1f91c579bd08eecce6ae2b2da0f32bbe6f1,0,0,0,0,0,0,0,0,0,0,0
2,2,train,aggregate,__all__,58473,56827,43,0,48,0,17,17,269,269,1329
2,2,train,contract,0x0b4cc3b739e1dfe5d73274740e7308b6fb389c5af040c3a174923d928d134bee,2658,2610,1,0,2,0,0,0,4,4,42
2,2,train,contract,0x0c4cd2055d6ea89354ffddc55d6dbcef9355748112ea952fc925f3db6a5c457f,2597,2544,1,0,2,0,0,0,6,6,45
2,2,train,contract,0x0e4a0c937b8934c2475613b6322b3f8edc8dedc24762e01e42b0e6f87424a089,1215,1211,1,0,0,0,2,2,2,2,2
2,2,train,contract,0x1adf074e048fa613f4ddbc0766088748a48d120a3a713b0183e219032a411ae3,600,564,1,0,0,0,0,0,8,8,28
2,2,train,contract,0x232342e2a9200b203703a816f9d99d1c6a872333567af16f43d67a255e1a6aa8,154,145,1,0,2,0,0,0,1,1,6
2,2,train,contract,0x2e4b58fc18dbffd74d5275d89fb076943f21992763c45dcadd81391b83bde13c,0,0,0,0,0,0,0,0,0,0,0
2,2,train,contract,0x30cfb887558b20373a984da60c372fe5a90c0296aa6d8bb413a8aa7543846da2,2241,2150,1,0,2,0,0,0,10,10,79
2,2,train,contract,0x32552863fe8014da2613037970661f0d49f415c86a88cb3d65af7a43395bc4ad,17,13,1,0,2,0,0,0,0,0,2
2,2,train,contract,0x348cd9adf4f6855f58bd9c6dbf9ff251c4142ef77233a5dc95c65b4b61cd2187,1277,1273,1,0,2,0,0,0,2,2,0
2,2,train,contract,0x3733a1b647e7364095736ab0966465d896a84cf3b6bc1695ca1f26c3239b3868,635,633,1,0,0,0,2,2,2,2,0
2,2,train,contract,0x3b0107a80edd066fe987784d7ab5963c177888433efbec10689951c17320606c,109,78,1,0,0,0,0,0,6,6,25
2,2,train,contract,0x3ceb5b631318be5000758200590efe2b308a581d6787c3e7bc050bfd8f627627,174,168,1,0,2,0,0,0,2,2,2
2,2,train,contract,0x41c6341dd79903aca4bb0c29f5a7976946c3774d2fd72f38cbb7de7092144520,1846,1747,1,0,2,0,0,0,15,15,82
2,2,train,contract,0x46d40e851b24d9b0af4bc1942ccd86439cae82a9011767da14950df0ad997adf,342,340,1,0,0,0,2,2,2,2,0
2,2,train,contract,0x4e4a7df876b0c04f0b8b29b9073eddfbaf5c787192da825ae7ca1031bc8cfd15,1068,1033,1,0,2,0,0,0,10,10,23
2,2,train,contract,0x502a94e5c525766d5ee7f16c6568131ba1b2cbadb69c703af05a6ef00336ed64,271,227,1,0,2,0,0,0,13,13,29
2,2,train,contract,0x518a5b030b205706b8ffe6bbad9bd3de59548348e5c0471827f5de21e513333c,1391,1383,1,0,0,0,2,2,2,2,6
2,2,train,contract,0x58078283e2356f9b9537b42e7479d7785b83bcd6f18002de8a2526c499eda837,647,638,1,0,0,0,0,0,1,1,8
2,2,train,contract,0x5db999fad322cea2914535aae5517060c3f80ad6d8c0231cde2124a434d16846,2504,2460,1,0,2,0,0,0,0,0,42
2,2,train,contract,0x61b66d02793b4a68ab0cc25be60d65f517fe18c7d654041281bb130341244fcc,342,340,1,0,0,0,2,2,2,2,0
2,2,train,contract,0x6992fdf39435fb8aa0b765e24f98cb621fd1f7b6458865387c0ea303da2f0003,0,0,0,0,0,0,0,0,0,0,0
2,2,train,contract,0x6fefc0438c7598b23531457c8c60541990d0786bd4bd9dfc3eabc8d95c291092,1576,1483,1,0,0,0,0,0,16,16,77
2,2,train,contract,0x713641f745d71f6ec61f906237ffca3c8583f251e49384429a63ceb0ccdb2d37,2623,2599,1,0,0,0,2,2,4,4,20
2,2,train,contract,0x747dc809fb79e1b05be09c42d6179459a58de2ef3e40f02484a4e1260f741f75,2672,2641,1,0,2,0,0,0,3,3,26
2,2,train,contract,0x752fa61c93f16c4b15e85b0bd438d9c684176b0ea7b319a84c8aca34616e8a8c,237,161,1,0,0,0,0,0,12,12,64
2,2,train,contract,0x757c144993b3cb831e04c42bfcff8c18864c7da4f4688a5939d2f62e031cbc87,260,248,1,0,0,0,0,0,8,8,4
2,2,train,contract,0x789c947a9415600d30d56a4aae88d4111996679b0caed166d0c96242fdce92a2,1082,1057,1,0,0,0,0,0,6,6,19
2,2,train,contract,0x7976b8dbacf9077eb1453a62bcefd6ab2df199acd28aad276ff0d920d6992892,2745,2729,1,0,2,0,0,0,2,2,12
2,2,train,contract,0x8063a2c9fa21c4a1470b33fee132d6d61fb5b7dcd667dcac3bb82ae15ad70c0d,217,199,1,0,0,0,0,0,4,4,14
2,2,train,contract,0x831493dce463d9adcad78c492f2cbec6ecdac31f4e8c5a894fdac68c130549d4,0,0,0,0,0,0,0,0,0,0,0
2,2,train,contract,0x836b850fc838195374862551a36f1c8691d96ff01e58b0a071f0fc1a0e357fb1,2179,2119,1,0,2,0,0,0,12,12,46
2,2,train,contract,0x876506d8b2bd7a0d3fa4fe18c024eee6e1dd81ee24c26795dadd6cfe4a7b5d0d,0,0,0,0,0,0,0,0,0,0,0
2,2,train,contract,0x8e7a03cb1970e2ad6533b01892403516b6b3f5b5fa90ed7d104c28b27e40ba00,593,587,1,0,0,0,2,2,2,2,4
2,2,train,contract,0x9352c559e9648ab4cab236087b64ca85c5b7123a4c7d9d7d4efde4a39c18056f,2592,2560,1,0,2,0,0,0,4,4,26
2,2,train,contract,0xa0f4c4924ea1a8b410b4ce821c2a9955fad21a1b19bdcfde90816732278b3dd5,862,828,1,0,0,0,0,0,8,8,26
2,2,train,contract,0xa3b36b2d6104d34af4e6c6215fc818e43352e78a748fbfb0b85e3a35f71dec9a,0,0,0,0,0,0,0,0,0,0,0
2,2,train,contract,0xa885bfe10688056a9d0f4e9a1523bfa18f66fda065f0400d714ba54776083713,1229,1149,1,0,0,0,0,0,13,13,67
2,2,train,contract,0xac02cbb049e46d6a3627c0fdf52fa554982a9025d45968207b362acb6ca4b830,0,0,0,0,0,0,0,0,0,0,0
2,2,train,contract,0xae70ab9bf1c3726fe430a2ba8b517697ae24e0f0ab554b876a5b521153068882,1856,1774,1,0,2,0,0,0,18,18,62
2,2,train,contract,0xb6b3d7a2037b3faa7e1306d741840d453432902d73cc9a146a035e40271eae73,2703,2681,1,0,0,0,2,2,4,4,18
2,2,train,contract,0xbb4d51e6364066d92eb6f9b8413dd7193de70966736044463b205834805a1f3b,2179,2085,1,0,2,0,0,0,10,10,82
2,2,train,contract,0xbb57ccf5853a85487bc3d83d04d669310d28c6c810758953b9d9b91d1aee89d2,1459,1338,1,0,0,0,0,0,16,16,105
2,2,train,contract,0xd1747284d6048b2a3dcfbee489db405f36de18f9590197dd0e5c9f0c246bf050,2023,1906,1,0,2,0,0,0,10,10,105
2,2,train,contract,0xd595eb9b81885ff018738300c79047e3ec89e87294424f57a29a7fa9162bf116,2682,2642,1,0,2,0,0,0,2,2,36
2,2,train,contract,0xd86a816093fcd0a0e1ca440bc5ce199bd3c5a8d6139e044b076958164f8c5423,682,680,1,0,2,0,1,1,0,0,0
2,2,train,contract,0xd9fb1184af0064e5e34b129f5b79afa5a17b7e32f2953ab05efed82315fee6d4,2811,2799,1,0,2,0,0,0,0,0,10
2,2,train,contract,0xde04b189b3f19eaccda02529a3ea67abfc46bff5c0c8fc42d8a2d0ed7b8f0d41,1403,1348,1,0,2,0,0,0,9,9,44
2,2,train,contract,0xe06a7e94cf2fa8dc2085b7610fe16e9be1cde6654f34d365c13da1149b276c61,1590,1529,1,0,2,0,0,0,18,18,41
2,2,train,contract,0xe1bd581c13be7103749ca1a64d21230ed6693a162fc057d81e3d1e9237fc81f8,0,0,0,0,0,0,0,0,0,0,0
2,2,train,contract,0xe70fd51f42e61fc309d8e57019a7b76c8dc7bd19b473351d56ff1e125ae0d9d4,130,128,1,0,2,0,0,0,0,0,0
2,2,evaluation,aggregate,__all__,16464,13614,27,2179,0,0,19,19,147,147,524
2,2,evaluation,contract,0x0b4cc3b739e1dfe5d73274740e7308b6fb389c5af040c3a174923d928d134bee,770,731,1,0,0,0,0,0,6,6,33
2,2,evaluation,contract,0x0c4cd2055d6ea89354ffddc55d6dbcef9355748112ea952fc925f3db6a5c457f,820,818,1,0,0,0,2,2,2,2,0
2,2,evaluation,contract,0x0e4a0c937b8934c2475613b6322b3f8edc8dedc24762e01e42b0e6f87424a089,0,0,0,0,0,0,0,0,0,0,0
2,2,evaluation,contract,0x1adf074e048fa613f4ddbc0766088748a48d120a3a713b0183e219032a411ae3,0,0,0,0,0,0,0,0,0,0,0
2,2,evaluation,contract,0x232342e2a9200b203703a816f9d99d1c6a872333567af16f43d67a255e1a6aa8,120,118,1,0,0,0,2,2,2,2,0
2,2,evaluation,contract,0x2e4b58fc18dbffd74d5275d89fb076943f21992763c45dcadd81391b83bde13c,81,0,0,81,0,0,0,0,0,0,0
2,2,evaluation,contract,0x30cfb887558b20373a984da60c372fe5a90c0296aa6d8bb413a8aa7543846da2,718,695,1,0,0,0,0,0,8,8,15
2,2,evaluation,contract,0x32552863fe8014da2613037970661f0d49f415c86a88cb3d65af7a43395bc4ad,125,122,1,0,0,0,2,2,3,3,0
2,2,evaluation,contract,0x348cd9adf4f6855f58bd9c6dbf9ff251c4142ef77233a5dc95c65b4b61cd2187,361,359,1,0,0,0,2,2,2,2,0
2,2,evaluation,contract,0x3733a1b647e7364095736ab0966465d896a84cf3b6bc1695ca1f26c3239b3868,0,0,0,0,0,0,0,0,0,0,0
2,2,evaluation,contract,0x3b0107a80edd066fe987784d7ab5963c177888433efbec10689951c17320606c,0,0,0,0,0,0,0,0,0,0,0
2,2,evaluation,contract,0x3ceb5b631318be5000758200590efe2b308a581d6787c3e7bc050bfd8f627627,4,2,1,0,0,0,2,2,2,2,0
2,2,evaluation,contract,0x41c6341dd79903aca4bb0c29f5a7976946c3774d2fd72f38cbb7de7092144520,474,435,1,0,0,0,0,0,12,12,27
2,2,evaluation,contract,0x46d40e851b24d9b0af4bc1942ccd86439cae82a9011767da14950df0ad997adf,0,0,0,0,0,0,0,0,0,0,0
2,2,evaluation,contract,0x4e4a7df876b0c04f0b8b29b9073eddfbaf5c787192da825ae7ca1031bc8cfd15,40,40,1,0,0,0,0,0,0,0,0
2,2,evaluation,contract,0x502a94e5c525766d5ee7f16c6568131ba1b2cbadb69c703af05a6ef00336ed64,1062,972,1,0,0,0,0,0,16,16,74
2,2,evaluation,contract,0x518a5b030b205706b8ffe6bbad9bd3de59548348e5c0471827f5de21e513333c,0,0,0,0,0,0,0,0,0,0,0
2,2,evaluation,contract,0x58078283e2356f9b9537b42e7479d7785b83bcd6f18002de8a2526c499eda837,0,0,0,0,0,0,0,0,0,0,0
2,2,evaluation,contract,0x5db999fad322cea2914535aae5517060c3f80ad6d8c0231cde2124a434d16846,1360,1310,1,0,0,0,0,0,9,9,41
2,2,evaluation,contract,0x61b66d02793b4a68ab0cc25be60d65f517fe18c7d654041281bb130341244fcc,0,0,0,0,0,0,0,0,0,0,0
2,2,evaluation,contract,0x6992fdf39435fb8aa0b765e24f98cb621fd1f7b6458865387c0ea303da2f0003,0,0,0,0,0,0,0,0,0,0,0
2,2,evaluation,contract,0x6fefc0438c7598b23531457c8c60541990d0786bd4bd9dfc3eabc8d95c291092,224,212,1,0,0,0,0,0,2,2,10
2,2,evaluation,contract,0x713641f745d71f6ec61f906237ffca3c8583f251e49384429a63ceb0ccdb2d37,0,0,0,0,0,0,0,0,0,0,0
2,2,evaluation,contract,0x747dc809fb79e1b05be09c42d6179459a58de2ef3e40f02484a4e1260f741f75,525,459,1,0,0,0,0,0,9,9,57
2,2,evaluation,contract,0x752fa61c93f16c4b15e85b0bd438d9c684176b0ea7b319a84c8aca34616e8a8c,98,75,1,0,0,0,0,0,4,4,19
2,2,evaluation,contract,0x757c144993b3cb831e04c42bfcff8c18864c7da4f4688a5939d2f62e031cbc87,0,0,0,0,0,0,0,0,0,0,0
2,2,evaluation,contract,0x789c947a9415600d30d56a4aae88d4111996679b0caed166d0c96242fdce92a2,0,0,0,0,0,0,0,0,0,0,0
2,2,evaluation,contract,0x7976b8dbacf9077eb1453a62bcefd6ab2df199acd28aad276ff0d920d6992892,820,818,1,0,0,0,2,2,2,2,0
2,2,evaluation,contract,0x8063a2c9fa21c4a1470b33fee132d6d61fb5b7dcd667dcac3bb82ae15ad70c0d,472,426,1,0,0,0,0,0,4,4,42
2,2,evaluation,contract,0x831493dce463d9adcad78c492f2cbec6ecdac31f4e8c5a894fdac68c130549d4,169,0,0,169,0,0,0,0,0,0,0
2,2,evaluation,contract,0x836b850fc838195374862551a36f1c8691d96ff01e58b0a071f0fc1a0e357fb1,850,792,1,0,0,0,0,0,9,9,49
2,2,evaluation,contract,0x876506d8b2bd7a0d3fa4fe18c024eee6e1dd81ee24c26795dadd6cfe4a7b5d0d,558,0,0,558,0,0,0,0,0,0,0
2,2,evaluation,contract,0x8e7a03cb1970e2ad6533b01892403516b6b3f5b5fa90ed7d104c28b27e40ba00,0,0,0,0,0,0,0,0,0,0,0
2,2,evaluation,contract,0x9352c559e9648ab4cab236087b64ca85c5b7123a4c7d9d7d4efde4a39c18056f,302,296,1,0,0,0,0,0,0,0,6
2,2,evaluation,contract,0xa0f4c4924ea1a8b410b4ce821c2a9955fad21a1b19bdcfde90816732278b3dd5,45,34,1,0,0,0,0,0,4,4,7
2,2,evaluation,contract,0xa3b36b2d6104d34af4e6c6215fc818e43352e78a748fbfb0b85e3a35f71dec9a,731,0,0,731,0,0,0,0,0,0,0
2,2,evaluation,contract,0xa885bfe10688056a9d0f4e9a1523bfa18f66fda065f0400d714ba54776083713,0,0,0,0,0,0,0,0,0,0,0
2,2,evaluation,contract,0xac02cbb049e46d6a3627c0fdf52fa554982a9025d45968207b362acb6ca4b830,546,0,0,546,0,0,0,0,0,0,0
2,2,evaluation,contract,0xae70ab9bf1c3726fe430a2ba8b517697ae24e0f0ab554b876a5b521153068882,699,676,1,0,0,0,0,0,7,7,16
2,2,evaluation,contract,0xb6b3d7a2037b3faa7e1306d741840d453432902d73cc9a146a035e40271eae73,0,0,0,0,0,0,0,0,0,0,0
2,2,evaluation,contract,0xbb4d51e6364066d92eb6f9b8413dd7193de70966736044463b205834805a1f3b,287,233,1,0,0,0,0,0,16,16,38
2,2,evaluation,contract,0xbb57ccf5853a85487bc3d83d04d669310d28c6c810758953b9d9b91d1aee89d2,0,0,0,0,0,0,0,0,0,0,0
2,2,evaluation,contract,0xd1747284d6048b2a3dcfbee489db405f36de18f9590197dd0e5c9f0c246bf050,488,446,1,0,0,0,0,0,10,10,32
2,2,evaluation,contract,0xd595eb9b81885ff018738300c79047e3ec89e87294424f57a29a7fa9162bf116,1316,1286,1,0,0,0,0,0,4,4,26
2,2,evaluation,contract,0xd86a816093fcd0a0e1ca440bc5ce199bd3c5a8d6139e044b076958164f8c5423,1,0,0,0,0,0,1,1,1,1,0
2,2,evaluation,contract,0xd9fb1184af0064e5e34b129f5b79afa5a17b7e32f2953ab05efed82315fee6d4,1462,1450,1,0,0,0,0,0,2,2,10
2,2,evaluation,contract,0xde04b189b3f19eaccda02529a3ea67abfc46bff5c0c8fc42d8a2d0ed7b8f0d41,47,45,1,0,0,0,2,2,2,2,0
2,2,evaluation,contract,0xe06a7e94cf2fa8dc2085b7610fe16e9be1cde6654f34d365c13da1149b276c61,789,760,1,0,0,0,0,0,7,7,22
2,2,evaluation,contract,0xe1bd581c13be7103749ca1a64d21230ed6693a162fc057d81e3d1e9237fc81f8,94,0,0,94,0,0,2,2,0,0,0
2,2,evaluation,contract,0xe70fd51f42e61fc309d8e57019a7b76c8dc7bd19b473351d56ff1e125ae0d9d4,6,4,1,0,0,0,2,2,2,2,0
2,4,train,aggregate,__all__,58473,55443,43,0,95,0,35,35,528,528,2407
2,4,train,contract,0x0b4cc3b739e1dfe5d73274740e7308b6fb389c5af040c3a174923d928d134bee,2658,2569,1,0,4,0,0,0,6,6,79
2,4,train,contract,0x0c4cd2055d6ea89354ffddc55d6dbcef9355748112ea952fc925f3db6a5c457f,2597,2496,1,0,4,0,0,0,11,11,86
2,4,train,contract,0x0e4a0c937b8934c2475613b6322b3f8edc8dedc24762e01e42b0e6f87424a089,1215,1207,1,0,0,0,4,4,4,4,4
2,4,train,contract,0x1adf074e048fa613f4ddbc0766088748a48d120a3a713b0183e219032a411ae3,600,535,1,0,0,0,0,0,17,17,48
2,4,train,contract,0x232342e2a9200b203703a816f9d99d1c6a872333567af16f43d67a255e1a6aa8,154,137,1,0,4,0,0,0,3,3,10
2,4,train,contract,0x2e4b58fc18dbffd74d5275d89fb076943f21992763c45dcadd81391b83bde13c,0,0,0,0,0,0,0,0,0,0,0
2,4,train,contract,0x30cfb887558b20373a984da60c372fe5a90c0296aa6d8bb413a8aa7543846da2,2241,2071,1,0,4,0,0,0,19,19,147
2,4,train,contract,0x32552863fe8014da2613037970661f0d49f415c86a88cb3d65af7a43395bc4ad,17,9,1,0,4,0,0,0,0,0,4
2,4,train,contract,0x348cd9adf4f6855f58bd9c6dbf9ff251c4142ef77233a5dc95c65b4b61cd2187,1277,1269,1,0,4,0,0,0,4,4,0
2,4,train,contract,0x3733a1b647e7364095736ab0966465d896a84cf3b6bc1695ca1f26c3239b3868,635,631,1,0,0,0,4,4,4,4,0
2,4,train,contract,0x3b0107a80edd066fe987784d7ab5963c177888433efbec10689951c17320606c,109,59,1,0,0,0,0,0,12,12,38
2,4,train,contract,0x3ceb5b631318be5000758200590efe2b308a581d6787c3e7bc050bfd8f627627,174,162,1,0,4,0,0,0,4,4,4
2,4,train,contract,0x41c6341dd79903aca4bb0c29f5a7976946c3774d2fd72f38cbb7de7092144520,1846,1662,1,0,4,0,0,0,29,29,151
2,4,train,contract,0x46d40e851b24d9b0af4bc1942ccd86439cae82a9011767da14950df0ad997adf,342,338,1,0,0,0,4,4,4,4,0
2,4,train,contract,0x4e4a7df876b0c04f0b8b29b9073eddfbaf5c787192da825ae7ca1031bc8cfd15,1068,1003,1,0,4,0,0,0,20,20,41
2,4,train,contract,0x502a94e5c525766d5ee7f16c6568131ba1b2cbadb69c703af05a6ef00336ed64,271,188,1,0,4,0,0,0,27,27,52
2,4,train,contract,0x518a5b030b205706b8ffe6bbad9bd3de59548348e5c0471827f5de21e513333c,1391,1376,1,0,0,0,4,4,4,4,11
2,4,train,contract,0x58078283e2356f9b9537b42e7479d7785b83bcd6f18002de8a2526c499eda837,647,633,1,0,0,0,0,0,3,3,11
2,4,train,contract,0x5db999fad322cea2914535aae5517060c3f80ad6d8c0231cde2124a434d16846,2504,2416,1,0,4,0,0,0,0,0,84
2,4,train,contract,0x61b66d02793b4a68ab0cc25be60d65f517fe18c7d654041281bb130341244fcc,342,338,1,0,0,0,4,4,4,4,0
2,4,train,contract,0x6992fdf39435fb8aa0b765e24f98cb621fd1f7b6458865387c0ea303da2f0003,0,0,0,0,0,0,0,0,0,0,0
2,4,train,contract,0x6fefc0438c7598b23531457c8c60541990d0786bd4bd9dfc3eabc8d95c291092,1576,1402,1,0,0,0,0,0,33,33,141
2,4,train,contract,0x713641f745d71f6ec61f906237ffca3c8583f251e49384429a63ceb0ccdb2d37,2623,2580,1,0,0,0,4,4,7,7,36
2,4,train,contract,0x747dc809fb79e1b05be09c42d6179459a58de2ef3e40f02484a4e1260f741f75,2672,2611,1,0,4,0,0,0,7,7,50
2,4,train,contract,0x752fa61c93f16c4b15e85b0bd438d9c684176b0ea7b319a84c8aca34616e8a8c,237,115,1,0,0,0,0,0,25,25,97
2,4,train,contract,0x757c144993b3cb831e04c42bfcff8c18864c7da4f4688a5939d2f62e031cbc87,260,237,1,0,0,0,0,0,15,15,8
2,4,train,contract,0x789c947a9415600d30d56a4aae88d4111996679b0caed166d0c96242fdce92a2,1082,1038,1,0,0,0,0,0,11,11,33
2,4,train,contract,0x7976b8dbacf9077eb1453a62bcefd6ab2df199acd28aad276ff0d920d6992892,2745,2716,1,0,4,0,0,0,4,4,21
2,4,train,contract,0x8063a2c9fa21c4a1470b33fee132d6d61fb5b7dcd667dcac3bb82ae15ad70c0d,217,181,1,0,0,0,0,0,8,8,28
2,4,train,contract,0x831493dce463d9adcad78c492f2cbec6ecdac31f4e8c5a894fdac68c130549d4,0,0,0,0,0,0,0,0,0,0,0
2,4,train,contract,0x836b850fc838195374862551a36f1c8691d96ff01e58b0a071f0fc1a0e357fb1,2179,2070,1,0,3,0,0,0,22,22,84
2,4,train,contract,0x876506d8b2bd7a0d3fa4fe18c024eee6e1dd81ee24c26795dadd6cfe4a7b5d0d,0,0,0,0,0,0,0,0,0,0,0
2,4,train,contract,0x8e7a03cb1970e2ad6533b01892403516b6b3f5b5fa90ed7d104c28b27e40ba00,593,581,1,0,0,0,4,4,4,4,8
2,4,train,contract,0x9352c559e9648ab4cab236087b64ca85c5b7123a4c7d9d7d4efde4a39c18056f,2592,2535,1,0,4,0,0,0,8,8,45
2,4,train,contract,0xa0f4c4924ea1a8b410b4ce821c2a9955fad21a1b19bdcfde90816732278b3dd5,862,794,1,0,0,0,0,0,16,16,52
2,4,train,contract,0xa3b36b2d6104d34af4e6c6215fc818e43352e78a748fbfb0b85e3a35f71dec9a,0,0,0,0,0,0,0,0,0,0,0
2,4,train,contract,0xa885bfe10688056a9d0f4e9a1523bfa18f66fda065f0400d714ba54776083713,1229,1086,1,0,0,0,0,0,25,25,118
2,4,train,contract,0xac02cbb049e46d6a3627c0fdf52fa554982a9025d45968207b362acb6ca4b830,0,0,0,0,0,0,0,0,0,0,0
2,4,train,contract,0xae70ab9bf1c3726fe430a2ba8b517697ae24e0f0ab554b876a5b521153068882,1856,1711,1,0,4,0,0,0,35,35,106
2,4,train,contract,0xb6b3d7a2037b3faa7e1306d741840d453432902d73cc9a146a035e40271eae73,2703,2659,1,0,0,0,4,4,8,8,36
2,4,train,contract,0xbb4d51e6364066d92eb6f9b8413dd7193de70966736044463b205834805a1f3b,2179,2002,1,0,4,0,0,0,20,20,153
2,4,train,contract,0xbb57ccf5853a85487bc3d83d04d669310d28c6c810758953b9d9b91d1aee89d2,1459,1231,1,0,0,0,0,0,32,32,196
2,4,train,contract,0xd1747284d6048b2a3dcfbee489db405f36de18f9590197dd0e5c9f0c246bf050,2023,1816,1,0,4,0,0,0,21,21,182
2,4,train,contract,0xd595eb9b81885ff018738300c79047e3ec89e87294424f57a29a7fa9162bf116,2682,2604,1,0,4,0,0,0,3,3,71
2,4,train,contract,0xd86a816093fcd0a0e1ca440bc5ce199bd3c5a8d6139e044b076958164f8c5423,682,678,1,0,4,0,3,3,0,0,0
2,4,train,contract,0xd9fb1184af0064e5e34b129f5b79afa5a17b7e32f2953ab05efed82315fee6d4,2811,2787,1,0,4,0,0,0,0,0,20
2,4,train,contract,0xde04b189b3f19eaccda02529a3ea67abfc46bff5c0c8fc42d8a2d0ed7b8f0d41,1403,1309,1,0,4,0,0,0,16,16,74
2,4,train,contract,0xe06a7e94cf2fa8dc2085b7610fe16e9be1cde6654f34d365c13da1149b276c61,1590,1475,1,0,4,0,0,0,33,33,78
2,4,train,contract,0xe1bd581c13be7103749ca1a64d21230ed6693a162fc057d81e3d1e9237fc81f8,0,0,0,0,0,0,0,0,0,0,0
2,4,train,contract,0xe70fd51f42e61fc309d8e57019a7b76c8dc7bd19b473351d56ff1e125ae0d9d4,130,126,1,0,4,0,0,0,0,0,0
2,4,evaluation,aggregate,__all__,16464,13047,26,2179,0,0,37,37,275,275,963
2,4,evaluation,contract,0x0b4cc3b739e1dfe5d73274740e7308b6fb389c5af040c3a174923d928d134bee,770,699,1,0,0,0,0,0,11,11,60
2,4,evaluation,contract,0x0c4cd2055d6ea89354ffddc55d6dbcef9355748112ea952fc925f3db6a5c457f,820,816,1,0,0,0,4,4,4,4,0
2,4,evaluation,contract,0x0e4a0c937b8934c2475613b6322b3f8edc8dedc24762e01e42b0e6f87424a089,0,0,0,0,0,0,0,0,0,0,0
2,4,evaluation,contract,0x1adf074e048fa613f4ddbc0766088748a48d120a3a713b0183e219032a411ae3,0,0,0,0,0,0,0,0,0,0,0
2,4,evaluation,contract,0x232342e2a9200b203703a816f9d99d1c6a872333567af16f43d67a255e1a6aa8,120,116,1,0,0,0,4,4,4,4,0
2,4,evaluation,contract,0x2e4b58fc18dbffd74d5275d89fb076943f21992763c45dcadd81391b83bde13c,81,0,0,81,0,0,0,0,0,0,0
2,4,evaluation,contract,0x30cfb887558b20373a984da60c372fe5a90c0296aa6d8bb413a8aa7543846da2,718,678,1,0,0,0,0,0,15,15,25
2,4,evaluation,contract,0x32552863fe8014da2613037970661f0d49f415c86a88cb3d65af7a43395bc4ad,125,120,1,0,0,0,4,4,5,5,0
2,4,evaluation,contract,0x348cd9adf4f6855f58bd9c6dbf9ff251c4142ef77233a5dc95c65b4b61cd2187,361,357,1,0,0,0,4,4,4,4,0
2,4,evaluation,contract,0x3733a1b647e7364095736ab0966465d896a84cf3b6bc1695ca1f26c3239b3868,0,0,0,0,0,0,0,0,0,0,0
2,4,evaluation,contract,0x3b0107a80edd066fe987784d7ab5963c177888433efbec10689951c17320606c,0,0,0,0,0,0,0,0,0,0,0
2,4,evaluation,contract,0x3ceb5b631318be5000758200590efe2b308a581d6787c3e7bc050bfd8f627627,4,0,0,0,0,0,4,4,4,4,0
2,4,evaluation,contract,0x41c6341dd79903aca4bb0c29f5a7976946c3774d2fd72f38cbb7de7092144520,474,405,1,0,0,0,0,0,25,25,44
2,4,evaluation,contract,0x46d40e851b24d9b0af4bc1942ccd86439cae82a9011767da14950df0ad997adf,0,0,0,0,0,0,0,0,0,0,0
2,4,evaluation,contract,0x4e4a7df876b0c04f0b8b29b9073eddfbaf5c787192da825ae7ca1031bc8cfd15,40,40,1,0,0,0,0,0,0,0,0
2,4,evaluation,contract,0x502a94e5c525766d5ee7f16c6568131ba1b2cbadb69c703af05a6ef00336ed64,1062,891,1,0,0,0,0,0,31,31,140
2,4,evaluation,contract,0x518a5b030b205706b8ffe6bbad9bd3de59548348e5c0471827f5de21e513333c,0,0,0,0,0,0,0,0,0,0,0
2,4,evaluation,contract,0x58078283e2356f9b9537b42e7479d7785b83bcd6f18002de8a2526c499eda837,0,0,0,0,0,0,0,0,0,0,0
2,4,evaluation,contract,0x5db999fad322cea2914535aae5517060c3f80ad6d8c0231cde2124a434d16846,1360,1269,1,0,0,0,0,0,17,17,74
2,4,evaluation,contract,0x61b66d02793b4a68ab0cc25be60d65f517fe18c7d654041281bb130341244fcc,0,0,0,0,0,0,0,0,0,0,0
2,4,evaluation,contract,0x6992fdf39435fb8aa0b765e24f98cb621fd1f7b6458865387c0ea303da2f0003,0,0,0,0,0,0,0,0,0,0,0
2,4,evaluation,contract,0x6fefc0438c7598b23531457c8c60541990d0786bd4bd9dfc3eabc8d95c291092,224,200,1,0,0,0,0,0,4,4,20
2,4,evaluation,contract,0x713641f745d71f6ec61f906237ffca3c8583f251e49384429a63ceb0ccdb2d37,0,0,0,0,0,0,0,0,0,0,0
2,4,evaluation,contract,0x747dc809fb79e1b05be09c42d6179459a58de2ef3e40f02484a4e1260f741f75,525,403,1,0,0,0,0,0,17,17,105
2,4,evaluation,contract,0x752fa61c93f16c4b15e85b0bd438d9c684176b0ea7b319a84c8aca34616e8a8c,98,54,1,0,0,0,0,0,8,8,36
2,4,evaluation,contract,0x757c144993b3cb831e04c42bfcff8c18864c7da4f4688a5939d2f62e031cbc87,0,0,0,0,0,0,0,0,0,0,0
2,4,evaluation,contract,0x789c947a9415600d30d56a4aae88d4111996679b0caed166d0c96242fdce92a2,0,0,0,0,0,0,0,0,0,0,0
2,4,evaluation,contract,0x7976b8dbacf9077eb1453a62bcefd6ab2df199acd28aad276ff0d920d6992892,820,816,1,0,0,0,4,4,4,4,0
2,4,evaluation,contract,0x8063a2c9fa21c4a1470b33fee132d6d61fb5b7dcd667dcac3bb82ae15ad70c0d,472,387,1,0,0,0,0,0,7,7,78
2,4,evaluation,contract,0x831493dce463d9adcad78c492f2cbec6ecdac31f4e8c5a894fdac68c130549d4,169,0,0,169,0,0,0,0,0,0,0
2,4,evaluation,contract,0x836b850fc838195374862551a36f1c8691d96ff01e58b0a071f0fc1a0e357fb1,850,745,1,0,0,0,0,0,18,18,87
2,4,evaluation,contract,0x876506d8b2bd7a0d3fa4fe18c024eee6e1dd81ee24c26795dadd6cfe4a7b5d0d,558,0,0,558,0,0,0,0,0,0,0
2,4,evaluation,contract,0x8e7a03cb1970e2ad6533b01892403516b6b3f5b5fa90ed7d104c28b27e40ba00,0,0,0,0,0,0,0,0,0,0,0
2,4,evaluation,contract,0x9352c559e9648ab4cab236087b64ca85c5b7123a4c7d9d7d4efde4a39c18056f,302,290,1,0,0,0,0,0,0,0,12
2,4,evaluation,contract,0xa0f4c4924ea1a8b410b4ce821c2a9955fad21a1b19bdcfde90816732278b3dd5,45,26,1,0,0,0,0,0,7,7,12
2,4,evaluation,contract,0xa3b36b2d6104d34af4e6c6215fc818e43352e78a748fbfb0b85e3a35f71dec9a,731,0,0,731,0,0,0,0,0,0,0
2,4,evaluation,contract,0xa885bfe10688056a9d0f4e9a1523bfa18f66fda065f0400d714ba54776083713,0,0,0,0,0,0,0,0,0,0,0
2,4,evaluation,contract,0xac02cbb049e46d6a3627c0fdf52fa554982a9025d45968207b362acb6ca4b830,546,0,0,546,0,0,0,0,0,0,0
2,4,evaluation,contract,0xae70ab9bf1c3726fe430a2ba8b517697ae24e0f0ab554b876a5b521153068882,699,656,1,0,0,0,0,0,12,12,31
2,4,evaluation,contract,0xb6b3d7a2037b3faa7e1306d741840d453432902d73cc9a146a035e40271eae73,0,0,0,0,0,0,0,0,0,0,0
2,4,evaluation,contract,0xbb4d51e6364066d92eb6f9b8413dd7193de70966736044463b205834805a1f3b,287,190,1,0,0,0,0,0,26,26,71
2,4,evaluation,contract,0xbb57ccf5853a85487bc3d83d04d669310d28c6c810758953b9d9b91d1aee89d2,0,0,0,0,0,0,0,0,0,0,0
2,4,evaluation,contract,0xd1747284d6048b2a3dcfbee489db405f36de18f9590197dd0e5c9f0c246bf050,488,412,1,0,0,0,0,0,17,17,59
2,4,evaluation,contract,0xd595eb9b81885ff018738300c79047e3ec89e87294424f57a29a7fa9162bf116,1316,1261,1,0,0,0,0,0,7,7,48
2,4,evaluation,contract,0xd86a816093fcd0a0e1ca440bc5ce199bd3c5a8d6139e044b076958164f8c5423,1,0,0,0,0,0,1,1,1,1,0
2,4,evaluation,contract,0xd9fb1184af0064e5e34b129f5b79afa5a17b7e32f2953ab05efed82315fee6d4,1462,1438,1,0,0,0,0,0,4,4,20
2,4,evaluation,contract,0xde04b189b3f19eaccda02529a3ea67abfc46bff5c0c8fc42d8a2d0ed7b8f0d41,47,43,1,0,0,0,4,4,4,4,0
2,4,evaluation,contract,0xe06a7e94cf2fa8dc2085b7610fe16e9be1cde6654f34d365c13da1149b276c61,789,733,1,0,0,0,0,0,15,15,41
2,4,evaluation,contract,0xe1bd581c13be7103749ca1a64d21230ed6693a162fc057d81e3d1e9237fc81f8,94,0,0,94,0,0,4,4,0,0,0
2,4,evaluation,contract,0xe70fd51f42e61fc309d8e57019a7b76c8dc7bd19b473351d56ff1e125ae0d9d4,6,2,1,0,0,0,4,4,4,4,0
2,8,train,aggregate,__all__,58473,53112,43,0,191,0,77,77,1023,1023,4147
2,8,train,contract,0x0b4cc3b739e1dfe5d73274740e7308b6fb389c5af040c3a174923d928d134bee,2658,2492,1,0,8,0,0,0,14,14,144
2,8,train,contract,0x0c4cd2055d6ea89354ffddc55d6dbcef9355748112ea952fc925f3db6a5c457f,2597,2416,1,0,8,0,0,0,21,21,152
2,8,train,contract,0x0e4a0c937b8934c2475613b6322b3f8edc8dedc24762e01e42b0e6f87424a089,1215,1199,1,0,0,0,8,8,8,8,8
2,8,train,contract,0x1adf074e048fa613f4ddbc0766088748a48d120a3a713b0183e219032a411ae3,600,486,1,0,0,0,0,0,36,36,78
2,8,train,contract,0x232342e2a9200b203703a816f9d99d1c6a872333567af16f43d67a255e1a6aa8,154,121,1,0,8,0,0,0,7,7,18
2,8,train,contract,0x2e4b58fc18dbffd74d5275d89fb076943f21992763c45dcadd81391b83bde13c,0,0,0,0,0,0,0,0,0,0,0
2,8,train,contract,0x30cfb887558b20373a984da60c372fe5a90c0296aa6d8bb413a8aa7543846da2,2241,1941,1,0,8,0,0,0,38,38,254
2,8,train,contract,0x32552863fe8014da2613037970661f0d49f415c86a88cb3d65af7a43395bc4ad,17,4,1,0,8,0,0,0,0,0,5
2,8,train,contract,0x348cd9adf4f6855f58bd9c6dbf9ff251c4142ef77233a5dc95c65b4b61cd2187,1277,1265,1,0,8,0,0,0,4,4,0
2,8,train,contract,0x3733a1b647e7364095736ab0966465d896a84cf3b6bc1695ca1f26c3239b3868,635,627,1,0,0,0,8,8,8,8,0
2,8,train,contract,0x3b0107a80edd066fe987784d7ab5963c177888433efbec10689951c17320606c,109,42,1,0,0,0,0,0,22,22,45
2,8,train,contract,0x3ceb5b631318be5000758200590efe2b308a581d6787c3e7bc050bfd8f627627,174,150,1,0,8,0,4,4,8,8,8
2,8,train,contract,0x41c6341dd79903aca4bb0c29f5a7976946c3774d2fd72f38cbb7de7092144520,1846,1505,1,0,8,0,0,0,54,54,279
2,8,train,contract,0x46d40e851b24d9b0af4bc1942ccd86439cae82a9011767da14950df0ad997adf,342,334,1,0,0,0,8,8,8,8,0
2,8,train,contract,0x4e4a7df876b0c04f0b8b29b9073eddfbaf5c787192da825ae7ca1031bc8cfd15,1068,952,1,0,8,0,0,0,35,35,73
2,8,train,contract,0x502a94e5c525766d5ee7f16c6568131ba1b2cbadb69c703af05a6ef00336ed64,271,132,1,0,8,0,0,0,47,47,84
2,8,train,contract,0x518a5b030b205706b8ffe6bbad9bd3de59548348e5c0471827f5de21e513333c,1391,1364,1,0,0,0,8,8,8,8,19
2,8,train,contract,0x58078283e2356f9b9537b42e7479d7785b83bcd6f18002de8a2526c499eda837,647,625,1,0,0,0,0,0,6,6,16
2,8,train,contract,0x5db999fad322cea2914535aae5517060c3f80ad6d8c0231cde2124a434d16846,2504,2328,1,0,8,0,0,0,0,0,168
2,8,train,contract,0x61b66d02793b4a68ab0cc25be60d65f517fe18c7d654041281bb130341244fcc,342,334,1,0,0,0,8,8,8,8,0
2,8,train,contract,0x6992fdf39435fb8aa0b765e24f98cb621fd1f7b6458865387c0ea303da2f0003,0,0,0,0,0,0,0,0,0,0,0
2,8,train,contract,0x6fefc0438c7598b23531457c8c60541990d0786bd4bd9dfc3eabc8d95c291092,1576,1268,1,0,0,0,0,0,66,66,242
2,8,train,contract,0x713641f745d71f6ec61f906237ffca3c8583f251e49384429a63ceb0ccdb2d37,2623,2544,1,0,0,0,8,8,14,14,65
2,8,train,contract,0x747dc809fb79e1b05be09c42d6179459a58de2ef3e40f02484a4e1260f741f75,2672,2552,1,0,8,0,0,0,15,15,97
2,8,train,contract,0x752fa61c93f16c4b15e85b0bd438d9c684176b0ea7b319a84c8aca34616e8a8c,237,65,1,0,0,0,0,0,45,45,127
2,8,train,contract,0x757c144993b3cb831e04c42bfcff8c18864c7da4f4688a5939d2f62e031cbc87,260,218,1,0,0,0,0,0,31,31,11
2,8,train,contract,0x789c947a9415600d30d56a4aae88d4111996679b0caed166d0c96242fdce92a2,1082,1007,1,0,0,0,0,0,18,18,57
2,8,train,contract,0x7976b8dbacf9077eb1453a62bcefd6ab2df199acd28aad276ff0d920d6992892,2745,2692,1,0,8,0,0,0,8,8,37
2,8,train,contract,0x8063a2c9fa21c4a1470b33fee132d6d61fb5b7dcd667dcac3bb82ae15ad70c0d,217,157,1,0,0,0,0,0,16,16,44
2,8,train,contract,0x831493dce463d9adcad78c492f2cbec6ecdac31f4e8c5a894fdac68c130549d4,0,0,0,0,0,0,0,0,0,0,0
2,8,train,contract,0x836b850fc838195374862551a36f1c8691d96ff01e58b0a071f0fc1a0e357fb1,2179,1978,1,0,7,0,0,0,41,41,153
2,8,train,contract,0x876506d8b2bd7a0d3fa4fe18c024eee6e1dd81ee24c26795dadd6cfe4a7b5d0d,0,0,0,0,0,0,0,0,0,0,0
2,8,train,contract,0x8e7a03cb1970e2ad6533b01892403516b6b3f5b5fa90ed7d104c28b27e40ba00,593,569,1,0,0,0,8,8,8,8,16
2,8,train,contract,0x9352c559e9648ab4cab236087b64ca85c5b7123a4c7d9d7d4efde4a39c18056f,2592,2489,1,0,8,0,0,0,14,14,81
2,8,train,contract,0xa0f4c4924ea1a8b410b4ce821c2a9955fad21a1b19bdcfde90816732278b3dd5,862,738,1,0,0,0,0,0,31,31,93
2,8,train,contract,0xa3b36b2d6104d34af4e6c6215fc818e43352e78a748fbfb0b85e3a35f71dec9a,0,0,0,0,0,0,0,0,0,0,0
2,8,train,contract,0xa885bfe10688056a9d0f4e9a1523bfa18f66fda065f0400d714ba54776083713,1229,991,1,0,0,0,0,0,51,51,187
2,8,train,contract,0xac02cbb049e46d6a3627c0fdf52fa554982a9025d45968207b362acb6ca4b830,0,0,0,0,0,0,0,0,0,0,0
2,8,train,contract,0xae70ab9bf1c3726fe430a2ba8b517697ae24e0f0ab554b876a5b521153068882,1856,1602,1,0,8,0,0,0,67,67,179
2,8,train,contract,0xb6b3d7a2037b3faa7e1306d741840d453432902d73cc9a146a035e40271eae73,2703,2621,1,0,0,0,8,8,16,16,66
2,8,train,contract,0xbb4d51e6364066d92eb6f9b8413dd7193de70966736044463b205834805a1f3b,2179,1856,1,0,8,0,0,0,39,39,276
2,8,train,contract,0xbb57ccf5853a85487bc3d83d04d669310d28c6c810758953b9d9b91d1aee89d2,1459,1065,1,0,0,0,0,0,60,60,334
2,8,train,contract,0xd1747284d6048b2a3dcfbee489db405f36de18f9590197dd0e5c9f0c246bf050,2023,1668,1,0,8,0,0,0,43,43,304
2,8,train,contract,0xd595eb9b81885ff018738300c79047e3ec89e87294424f57a29a7fa9162bf116,2682,2529,1,0,8,0,0,0,7,7,138
2,8,train,contract,0xd86a816093fcd0a0e1ca440bc5ce199bd3c5a8d6139e044b076958164f8c5423,682,674,1,0,8,0,7,7,0,0,0
2,8,train,contract,0xd9fb1184af0064e5e34b129f5b79afa5a17b7e32f2953ab05efed82315fee6d4,2811,2763,1,0,8,0,0,0,0,0,40
2,8,train,contract,0xde04b189b3f19eaccda02529a3ea67abfc46bff5c0c8fc42d8a2d0ed7b8f0d41,1403,1248,1,0,8,0,0,0,34,34,113
2,8,train,contract,0xe06a7e94cf2fa8dc2085b7610fe16e9be1cde6654f34d365c13da1149b276c61,1590,1379,1,0,8,0,0,0,67,67,136
2,8,train,contract,0xe1bd581c13be7103749ca1a64d21230ed6693a162fc057d81e3d1e9237fc81f8,0,0,0,0,0,0,0,0,0,0,0
2,8,train,contract,0xe70fd51f42e61fc309d8e57019a7b76c8dc7bd19b473351d56ff1e125ae0d9d4,130,122,1,0,8,0,2,2,0,0,0
2,8,evaluation,aggregate,__all__,16464,12115,25,2179,0,0,69,69,538,538,1632
2,8,evaluation,contract,0x0b4cc3b739e1dfe5d73274740e7308b6fb389c5af040c3a174923d928d134bee,770,645,1,0,0,0,0,0,23,23,102
2,8,evaluation,contract,0x0c4cd2055d6ea89354ffddc55d6dbcef9355748112ea952fc925f3db6a5c457f,820,812,1,0,0,0,8,8,8,8,0
2,8,evaluation,contract,0x0e4a0c937b8934c2475613b6322b3f8edc8dedc24762e01e42b0e6f87424a089,0,0,0,0,0,0,0,0,0,0,0
2,8,evaluation,contract,0x1adf074e048fa613f4ddbc0766088748a48d120a3a713b0183e219032a411ae3,0,0,0,0,0,0,0,0,0,0,0
2,8,evaluation,contract,0x232342e2a9200b203703a816f9d99d1c6a872333567af16f43d67a255e1a6aa8,120,112,1,0,0,0,8,8,8,8,0
2,8,evaluation,contract,0x2e4b58fc18dbffd74d5275d89fb076943f21992763c45dcadd81391b83bde13c,81,0,0,81,0,0,0,0,0,0,0
2,8,evaluation,contract,0x30cfb887558b20373a984da60c372fe5a90c0296aa6d8bb413a8aa7543846da2,718,653,1,0,0,0,0,0,27,27,38
2,8,evaluation,contract,0x32552863fe8014da2613037970661f0d49f415c86a88cb3d65af7a43395bc4ad,125,116,1,0,0,0,8,8,9,9,0
2,8,evaluation,contract,0x348cd9adf4f6855f58bd9c6dbf9ff251c4142ef77233a5dc95c65b4b61cd2187,361,353,1,0,0,0,8,8,8,8,0
2,8,evaluation,contract,0x3733a1b647e7364095736ab0966465d896a84cf3b6bc1695ca1f26c3239b3868,0,0,0,0,0,0,0,0,0,0,0
2,8,evaluation,contract,0x3b0107a80edd066fe987784d7ab5963c177888433efbec10689951c17320606c,0,0,0,0,0,0,0,0,0,0,0
2,8,evaluation,contract,0x3ceb5b631318be5000758200590efe2b308a581d6787c3e7bc050bfd8f627627,4,0,0,0,0,0,4,4,4,4,0
2,8,evaluation,contract,0x41c6341dd79903aca4bb0c29f5a7976946c3774d2fd72f38cbb7de7092144520,474,362,1,0,0,0,0,0,46,46,66
2,8,evaluation,contract,0x46d40e851b24d9b0af4bc1942ccd86439cae82a9011767da14950df0ad997adf,0,0,0,0,0,0,0,0,0,0,0
2,8,evaluation,contract,0x4e4a7df876b0c04f0b8b29b9073eddfbaf5c787192da825ae7ca1031bc8cfd15,40,38,1,0,0,0,2,2,2,2,0
2,8,evaluation,contract,0x502a94e5c525766d5ee7f16c6568131ba1b2cbadb69c703af05a6ef00336ed64,1062,744,1,0,0,0,0,0,61,61,257
2,8,evaluation,contract,0x518a5b030b205706b8ffe6bbad9bd3de59548348e5c0471827f5de21e513333c,0,0,0,0,0,0,0,0,0,0,0
2,8,evaluation,contract,0x58078283e2356f9b9537b42e7479d7785b83bcd6f18002de8a2526c499eda837,0,0,0,0,0,0,0,0,0,0,0
2,8,evaluation,contract,0x5db999fad322cea2914535aae5517060c3f80ad6d8c0231cde2124a434d16846,1360,1191,1,0,0,0,0,0,37,37,132
2,8,evaluation,contract,0x61b66d02793b4a68ab0cc25be60d65f517fe18c7d654041281bb130341244fcc,0,0,0,0,0,0,0,0,0,0,0
2,8,evaluation,contract,0x6992fdf39435fb8aa0b765e24f98cb621fd1f7b6458865387c0ea303da2f0003,0,0,0,0,0,0,0,0,0,0,0
2,8,evaluation,contract,0x6fefc0438c7598b23531457c8c60541990d0786bd4bd9dfc3eabc8d95c291092,224,176,1,0,0,0,0,0,8,8,40
2,8,evaluation,contract,0x713641f745d71f6ec61f906237ffca3c8583f251e49384429a63ceb0ccdb2d37,0,0,0,0,0,0,0,0,0,0,0
2,8,evaluation,contract,0x747dc809fb79e1b05be09c42d6179459a58de2ef3e40f02484a4e1260f741f75,525,316,1,0,0,0,0,0,36,36,173
2,8,evaluation,contract,0x752fa61c93f16c4b15e85b0bd438d9c684176b0ea7b319a84c8aca34616e8a8c,98,25,1,0,0,0,0,0,15,15,58
2,8,evaluation,contract,0x757c144993b3cb831e04c42bfcff8c18864c7da4f4688a5939d2f62e031cbc87,0,0,0,0,0,0,0,0,0,0,0
2,8,evaluation,contract,0x789c947a9415600d30d56a4aae88d4111996679b0caed166d0c96242fdce92a2,0,0,0,0,0,0,0,0,0,0,0
2,8,evaluation,contract,0x7976b8dbacf9077eb1453a62bcefd6ab2df199acd28aad276ff0d920d6992892,820,812,1,0,0,0,8,8,8,8,0
2,8,evaluation,contract,0x8063a2c9fa21c4a1470b33fee132d6d61fb5b7dcd667dcac3bb82ae15ad70c0d,472,322,1,0,0,0,0,0,15,15,135
2,8,evaluation,contract,0x831493dce463d9adcad78c492f2cbec6ecdac31f4e8c5a894fdac68c130549d4,169,0,0,169,0,0,0,0,0,0,0
2,8,evaluation,contract,0x836b850fc838195374862551a36f1c8691d96ff01e58b0a071f0fc1a0e357fb1,850,672,1,0,0,0,0,0,37,37,141
2,8,evaluation,contract,0x876506d8b2bd7a0d3fa4fe18c024eee6e1dd81ee24c26795dadd6cfe4a7b5d0d,558,0,0,558,0,0,0,0,0,0,0
2,8,evaluation,contract,0x8e7a03cb1970e2ad6533b01892403516b6b3f5b5fa90ed7d104c28b27e40ba00,0,0,0,0,0,0,0,0,0,0,0
2,8,evaluation,contract,0x9352c559e9648ab4cab236087b64ca85c5b7123a4c7d9d7d4efde4a39c18056f,302,275,1,0,0,0,0,0,0,0,27
2,8,evaluation,contract,0xa0f4c4924ea1a8b410b4ce821c2a9955fad21a1b19bdcfde90816732278b3dd5,45,14,1,0,0,0,0,0,15,15,16
2,8,evaluation,contract,0xa3b36b2d6104d34af4e6c6215fc818e43352e78a748fbfb0b85e3a35f71dec9a,731,0,0,731,0,0,0,0,0,0,0
2,8,evaluation,contract,0xa885bfe10688056a9d0f4e9a1523bfa18f66fda065f0400d714ba54776083713,0,0,0,0,0,0,0,0,0,0,0
2,8,evaluation,contract,0xac02cbb049e46d6a3627c0fdf52fa554982a9025d45968207b362acb6ca4b830,546,0,0,546,0,0,0,0,0,0,0
2,8,evaluation,contract,0xae70ab9bf1c3726fe430a2ba8b517697ae24e0f0ab554b876a5b521153068882,699,621,1,0,0,0,0,0,24,24,54
2,8,evaluation,contract,0xb6b3d7a2037b3faa7e1306d741840d453432902d73cc9a146a035e40271eae73,0,0,0,0,0,0,0,0,0,0,0
2,8,evaluation,contract,0xbb4d51e6364066d92eb6f9b8413dd7193de70966736044463b205834805a1f3b,287,131,1,0,0,0,0,0,48,48,108
2,8,evaluation,contract,0xbb57ccf5853a85487bc3d83d04d669310d28c6c810758953b9d9b91d1aee89d2,0,0,0,0,0,0,0,0,0,0,0
2,8,evaluation,contract,0xd1747284d6048b2a3dcfbee489db405f36de18f9590197dd0e5c9f0c246bf050,488,364,1,0,0,0,0,0,32,32,92
2,8,evaluation,contract,0xd595eb9b81885ff018738300c79047e3ec89e87294424f57a29a7fa9162bf116,1316,1221,1,0,0,0,0,0,13,13,82
2,8,evaluation,contract,0xd86a816093fcd0a0e1ca440bc5ce199bd3c5a8d6139e044b076958164f8c5423,1,0,0,0,0,0,1,1,1,1,0
2,8,evaluation,contract,0xd9fb1184af0064e5e34b129f5b79afa5a17b7e32f2953ab05efed82315fee6d4,1462,1414,1,0,0,0,0,0,8,8,40
2,8,evaluation,contract,0xde04b189b3f19eaccda02529a3ea67abfc46bff5c0c8fc42d8a2d0ed7b8f0d41,47,39,1,0,0,0,8,8,8,8,0
2,8,evaluation,contract,0xe06a7e94cf2fa8dc2085b7610fe16e9be1cde6654f34d365c13da1149b276c61,789,687,1,0,0,0,0,0,31,31,71
2,8,evaluation,contract,0xe1bd581c13be7103749ca1a64d21230ed6693a162fc057d81e3d1e9237fc81f8,94,0,0,94,0,0,8,8,0,0,0
2,8,evaluation,contract,0xe70fd51f42e61fc309d8e57019a7b76c8dc7bd19b473351d56ff1e125ae0d9d4,6,0,0,0,0,0,6,6,6,6,0
2,24,train,aggregate,__all__,58473,46295,41,0,567,0,253,253,2813,2813,8798
2,24,train,contract,0x0b4cc3b739e1dfe5d73274740e7308b6fb389c5af040c3a174923d928d134bee,2658,2223,1,0,24,0,0,0,39,39,372
2,24,train,contract,0x0c4cd2055d6ea89354ffddc55d6dbcef9355748112ea952fc925f3db6a5c457f,2597,2176,1,0,24,0,0,0,52,52,345
2,24,train,contract,0x0e4a0c937b8934c2475613b6322b3f8edc8dedc24762e01e42b0e6f87424a089,1215,1167,1,0,0,0,24,24,24,24,24
2,24,train,contract,0x1adf074e048fa613f4ddbc0766088748a48d120a3a713b0183e219032a411ae3,600,365,1,0,0,0,0,0,99,99,136
2,24,train,contract,0x232342e2a9200b203703a816f9d99d1c6a872333567af16f43d67a255e1a6aa8,154,70,1,0,24,0,0,0,23,23,37
2,24,train,contract,0x2e4b58fc18dbffd74d5275d89fb076943f21992763c45dcadd81391b83bde13c,0,0,0,0,0,0,0,0,0,0,0
2,24,train,contract,0x30cfb887558b20373a984da60c372fe5a90c0296aa6d8bb413a8aa7543846da2,2241,1510,1,0,24,0,0,0,114,114,593
2,24,train,contract,0x32552863fe8014da2613037970661f0d49f415c86a88cb3d65af7a43395bc4ad,17,0,0,0,17,0,0,0,0,0,0
2,24,train,contract,0x348cd9adf4f6855f58bd9c6dbf9ff251c4142ef77233a5dc95c65b4b61cd2187,1277,1249,1,0,24,0,0,0,4,4,0
2,24,train,contract,0x3733a1b647e7364095736ab0966465d896a84cf3b6bc1695ca1f26c3239b3868,635,611,1,0,0,0,24,24,24,24,0
2,24,train,contract,0x3b0107a80edd066fe987784d7ab5963c177888433efbec10689951c17320606c,109,9,1,0,0,0,0,0,51,51,49
2,24,train,contract,0x3ceb5b631318be5000758200590efe2b308a581d6787c3e7bc050bfd8f627627,174,122,1,0,24,0,20,20,23,23,5
2,24,train,contract,0x41c6341dd79903aca4bb0c29f5a7976946c3774d2fd72f38cbb7de7092144520,1846,1009,1,0,23,0,0,0,144,144,670
2,24,train,contract,0x46d40e851b24d9b0af4bc1942ccd86439cae82a9011767da14950df0ad997adf,342,318,1,0,0,0,24,24,24,24,0
2,24,train,contract,0x4e4a7df876b0c04f0b8b29b9073eddfbaf5c787192da825ae7ca1031bc8cfd15,1068,807,1,0,24,0,0,0,76,76,161
2,24,train,contract,0x502a94e5c525766d5ee7f16c6568131ba1b2cbadb69c703af05a6ef00336ed64,271,69,1,0,24,0,0,0,114,114,64
2,24,train,contract,0x518a5b030b205706b8ffe6bbad9bd3de59548348e5c0471827f5de21e513333c,1391,1316,1,0,0,0,24,24,24,24,51
2,24,train,contract,0x58078283e2356f9b9537b42e7479d7785b83bcd6f18002de8a2526c499eda837,647,593,1,0,0,0,0,0,21,21,33
2,24,train,contract,0x5db999fad322cea2914535aae5517060c3f80ad6d8c0231cde2124a434d16846,2504,2010,1,0,24,0,0,0,0,0,470
2,24,train,contract,0x61b66d02793b4a68ab0cc25be60d65f517fe18c7d654041281bb130341244fcc,342,318,1,0,0,0,24,24,24,24,0
2,24,train,contract,0x6992fdf39435fb8aa0b765e24f98cb621fd1f7b6458865387c0ea303da2f0003,0,0,0,0,0,0,0,0,0,0,0
2,24,train,contract,0x6fefc0438c7598b23531457c8c60541990d0786bd4bd9dfc3eabc8d95c291092,1576,867,1,0,0,0,0,0,198,198,511
2,24,train,contract,0x713641f745d71f6ec61f906237ffca3c8583f251e49384429a63ceb0ccdb2d37,2623,2402,1,0,0,0,24,24,46,46,175
2,24,train,contract,0x747dc809fb79e1b05be09c42d6179459a58de2ef3e40f02484a4e1260f741f75,2672,2328,1,0,24,0,0,0,47,47,273
2,24,train,contract,0x752fa61c93f16c4b15e85b0bd438d9c684176b0ea7b319a84c8aca34616e8a8c,237,0,0,0,0,0,0,0,120,120,117
2,24,train,contract,0x757c144993b3cb831e04c42bfcff8c18864c7da4f4688a5939d2f62e031cbc87,260,157,1,0,0,0,0,0,94,94,9
2,24,train,contract,0x789c947a9415600d30d56a4aae88d4111996679b0caed166d0c96242fdce92a2,1082,927,1,0,0,0,0,0,47,47,108
2,24,train,contract,0x7976b8dbacf9077eb1453a62bcefd6ab2df199acd28aad276ff0d920d6992892,2745,2609,1,0,24,0,0,0,24,24,88
2,24,train,contract,0x8063a2c9fa21c4a1470b33fee132d6d61fb5b7dcd667dcac3bb82ae15ad70c0d,217,125,1,0,0,0,0,0,46,46,46
2,24,train,contract,0x831493dce463d9adcad78c492f2cbec6ecdac31f4e8c5a894fdac68c130549d4,0,0,0,0,0,0,0,0,0,0,0
2,24,train,contract,0x836b850fc838195374862551a36f1c8691d96ff01e58b0a071f0fc1a0e357fb1,2179,1678,1,0,23,0,0,0,103,103,375
2,24,train,contract,0x876506d8b2bd7a0d3fa4fe18c024eee6e1dd81ee24c26795dadd6cfe4a7b5d0d,0,0,0,0,0,0,0,0,0,0,0
2,24,train,contract,0x8e7a03cb1970e2ad6533b01892403516b6b3f5b5fa90ed7d104c28b27e40ba00,593,521,1,0,0,0,24,24,24,24,48
2,24,train,contract,0x9352c559e9648ab4cab236087b64ca85c5b7123a4c7d9d7d4efde4a39c18056f,2592,2347,1,0,24,0,0,0,41,41,180
2,24,train,contract,0xa0f4c4924ea1a8b410b4ce821c2a9955fad21a1b19bdcfde90816732278b3dd5,862,560,1,0,0,0,0,0,94,94,208
2,24,train,contract,0xa3b36b2d6104d34af4e6c6215fc818e43352e78a748fbfb0b85e3a35f71dec9a,0,0,0,0,0,0,0,0,0,0,0
2,24,train,contract,0xa885bfe10688056a9d0f4e9a1523bfa18f66fda065f0400d714ba54776083713,1229,748,1,0,0,0,0,0,144,144,337
2,24,train,contract,0xac02cbb049e46d6a3627c0fdf52fa554982a9025d45968207b362acb6ca4b830,0,0,0,0,0,0,0,0,0,0,0
2,24,train,contract,0xae70ab9bf1c3726fe430a2ba8b517697ae24e0f0ab554b876a5b521153068882,1856,1238,1,0,24,0,0,0,175,175,419
2,24,train,contract,0xb6b3d7a2037b3faa7e1306d741840d453432902d73cc9a146a035e40271eae73,2703,2499,1,0,0,0,24,24,48,48,156
2,24,train,contract,0xbb4d51e6364066d92eb6f9b8413dd7193de70966736044463b205834805a1f3b,2179,1490,1,0,24,0,0,0,114,114,551
2,24,train,contract,0xbb57ccf5853a85487bc3d83d04d669310d28c6c810758953b9d9b91d1aee89d2,1459,669,1,0,0,0,0,0,154,154,636
2,24,train,contract,0xd1747284d6048b2a3dcfbee489db405f36de18f9590197dd0e5c9f0c246bf050,2023,1259,1,0,24,0,0,0,132,132,608
2,24,train,contract,0xd595eb9b81885ff018738300c79047e3ec89e87294424f57a29a7fa9162bf116,2682,2272,1,0,24,0,0,0,22,22,364
2,24,train,contract,0xd86a816093fcd0a0e1ca440bc5ce199bd3c5a8d6139e044b076958164f8c5423,682,658,1,0,24,0,23,23,0,0,0
2,24,train,contract,0xd9fb1184af0064e5e34b129f5b79afa5a17b7e32f2953ab05efed82315fee6d4,2811,2667,1,0,24,0,0,0,0,0,120
2,24,train,contract,0xde04b189b3f19eaccda02529a3ea67abfc46bff5c0c8fc42d8a2d0ed7b8f0d41,1403,1136,1,0,24,0,0,0,89,89,154
2,24,train,contract,0xe06a7e94cf2fa8dc2085b7610fe16e9be1cde6654f34d365c13da1149b276c61,1590,1090,1,0,24,0,0,0,171,171,305
2,24,train,contract,0xe1bd581c13be7103749ca1a64d21230ed6693a162fc057d81e3d1e9237fc81f8,0,0,0,0,0,0,0,0,0,0,0
2,24,train,contract,0xe70fd51f42e61fc309d8e57019a7b76c8dc7bd19b473351d56ff1e125ae0d9d4,130,106,1,0,24,0,18,18,0,0,0
2,24,evaluation,aggregate,__all__,16464,9806,23,2179,0,40,237,237,1450,1450,3013
2,24,evaluation,contract,0x0b4cc3b739e1dfe5d73274740e7308b6fb389c5af040c3a174923d928d134bee,770,502,1,0,0,0,0,0,68,68,200
2,24,evaluation,contract,0x0c4cd2055d6ea89354ffddc55d6dbcef9355748112ea952fc925f3db6a5c457f,820,796,1,0,0,0,24,24,24,24,0
2,24,evaluation,contract,0x0e4a0c937b8934c2475613b6322b3f8edc8dedc24762e01e42b0e6f87424a089,0,0,0,0,0,0,0,0,0,0,0
2,24,evaluation,contract,0x1adf074e048fa613f4ddbc0766088748a48d120a3a713b0183e219032a411ae3,0,0,0,0,0,0,0,0,0,0,0
2,24,evaluation,contract,0x232342e2a9200b203703a816f9d99d1c6a872333567af16f43d67a255e1a6aa8,120,96,1,0,0,0,24,24,24,24,0
2,24,evaluation,contract,0x2e4b58fc18dbffd74d5275d89fb076943f21992763c45dcadd81391b83bde13c,81,0,0,81,0,0,0,0,0,0,0
2,24,evaluation,contract,0x30cfb887558b20373a984da60c372fe5a90c0296aa6d8bb413a8aa7543846da2,718,569,1,0,0,0,0,0,62,62,87
2,24,evaluation,contract,0x32552863fe8014da2613037970661f0d49f415c86a88cb3d65af7a43395bc4ad,125,100,1,0,0,0,24,24,25,25,0
2,24,evaluation,contract,0x348cd9adf4f6855f58bd9c6dbf9ff251c4142ef77233a5dc95c65b4b61cd2187,361,337,1,0,0,0,24,24,24,24,0
2,24,evaluation,contract,0x3733a1b647e7364095736ab0966465d896a84cf3b6bc1695ca1f26c3239b3868,0,0,0,0,0,0,0,0,0,0,0
2,24,evaluation,contract,0x3b0107a80edd066fe987784d7ab5963c177888433efbec10689951c17320606c,0,0,0,0,0,0,0,0,0,0,0
2,24,evaluation,contract,0x3ceb5b631318be5000758200590efe2b308a581d6787c3e7bc050bfd8f627627,4,0,0,0,0,0,4,4,4,4,0
2,24,evaluation,contract,0x41c6341dd79903aca4bb0c29f5a7976946c3774d2fd72f38cbb7de7092144520,474,255,1,0,0,0,0,0,126,126,93
2,24,evaluation,contract,0x46d40e851b24d9b0af4bc1942ccd86439cae82a9011767da14950df0ad997adf,0,0,0,0,0,0,0,0,0,0,0
2,24,evaluation,contract,0x4e4a7df876b0c04f0b8b29b9073eddfbaf5c787192da825ae7ca1031bc8cfd15,40,22,1,0,0,0,18,18,18,18,0
2,24,evaluation,contract,0x502a94e5c525766d5ee7f16c6568131ba1b2cbadb69c703af05a6ef00336ed64,1062,359,1,0,0,8,8,8,147,147,548
2,24,evaluation,contract,0x518a5b030b205706b8ffe6bbad9bd3de59548348e5c0471827f5de21e513333c,0,0,0,0,0,0,0,0,0,0,0
2,24,evaluation,contract,0x58078283e2356f9b9537b42e7479d7785b83bcd6f18002de8a2526c499eda837,0,0,0,0,0,0,0,0,0,0,0
2,24,evaluation,contract,0x5db999fad322cea2914535aae5517060c3f80ad6d8c0231cde2124a434d16846,1360,962,1,0,0,0,0,0,106,106,292
2,24,evaluation,contract,0x61b66d02793b4a68ab0cc25be60d65f517fe18c7d654041281bb130341244fcc,0,0,0,0,0,0,0,0,0,0,0
2,24,evaluation,contract,0x6992fdf39435fb8aa0b765e24f98cb621fd1f7b6458865387c0ea303da2f0003,0,0,0,0,0,0,0,0,0,0,0
2,24,evaluation,contract,0x6fefc0438c7598b23531457c8c60541990d0786bd4bd9dfc3eabc8d95c291092,224,110,1,0,0,0,0,0,23,23,91
2,24,evaluation,contract,0x713641f745d71f6ec61f906237ffca3c8583f251e49384429a63ceb0ccdb2d37,0,0,0,0,0,0,0,0,0,0,0
2,24,evaluation,contract,0x747dc809fb79e1b05be09c42d6179459a58de2ef3e40f02484a4e1260f741f75,525,177,1,0,0,0,0,0,100,100,248
2,24,evaluation,contract,0x752fa61c93f16c4b15e85b0bd438d9c684176b0ea7b319a84c8aca34616e8a8c,98,0,0,0,0,0,0,0,42,42,56
2,24,evaluation,contract,0x757c144993b3cb831e04c42bfcff8c18864c7da4f4688a5939d2f62e031cbc87,0,0,0,0,0,0,0,0,0,0,0
2,24,evaluation,contract,0x789c947a9415600d30d56a4aae88d4111996679b0caed166d0c96242fdce92a2,0,0,0,0,0,0,0,0,0,0,0
2,24,evaluation,contract,0x7976b8dbacf9077eb1453a62bcefd6ab2df199acd28aad276ff0d920d6992892,820,796,1,0,0,0,24,24,24,24,0
2,24,evaluation,contract,0x8063a2c9fa21c4a1470b33fee132d6d61fb5b7dcd667dcac3bb82ae15ad70c0d,472,173,1,0,0,0,0,0,38,38,261
2,24,evaluation,contract,0x831493dce463d9adcad78c492f2cbec6ecdac31f4e8c5a894fdac68c130549d4,169,0,0,169,0,0,0,0,0,0,0
2,24,evaluation,contract,0x836b850fc838195374862551a36f1c8691d96ff01e58b0a071f0fc1a0e357fb1,850,477,1,0,0,0,0,0,106,106,267
2,24,evaluation,contract,0x876506d8b2bd7a0d3fa4fe18c024eee6e1dd81ee24c26795dadd6cfe4a7b5d0d,558,0,0,558,0,8,8,8,0,0,0
2,24,evaluation,contract,0x8e7a03cb1970e2ad6533b01892403516b6b3f5b5fa90ed7d104c28b27e40ba00,0,0,0,0,0,0,0,0,0,0,0
2,24,evaluation,contract,0x9352c559e9648ab4cab236087b64ca85c5b7123a4c7d9d7d4efde4a39c18056f,302,234,1,0,0,0,0,0,3,3,65
2,24,evaluation,contract,0xa0f4c4924ea1a8b410b4ce821c2a9955fad21a1b19bdcfde90816732278b3dd5,45,0,0,0,0,0,0,0,29,29,16
2,24,evaluation,contract,0xa3b36b2d6104d34af4e6c6215fc818e43352e78a748fbfb0b85e3a35f71dec9a,731,0,0,731,0,8,8,8,0,0,0
2,24,evaluation,contract,0xa885bfe10688056a9d0f4e9a1523bfa18f66fda065f0400d714ba54776083713,0,0,0,0,0,0,0,0,0,0,0
2,24,evaluation,contract,0xac02cbb049e46d6a3627c0fdf52fa554982a9025d45968207b362acb6ca4b830,546,0,0,546,0,8,8,8,0,0,0
2,24,evaluation,contract,0xae70ab9bf1c3726fe430a2ba8b517697ae24e0f0ab554b876a5b521153068882,699,506,1,0,0,0,0,0,72,72,121
2,24,evaluation,contract,0xb6b3d7a2037b3faa7e1306d741840d453432902d73cc9a146a035e40271eae73,0,0,0,0,0,0,0,0,0,0,0
2,24,evaluation,contract,0xbb4d51e6364066d92eb6f9b8413dd7193de70966736044463b205834805a1f3b,287,22,1,0,0,0,0,0,121,121,144
2,24,evaluation,contract,0xbb57ccf5853a85487bc3d83d04d669310d28c6c810758953b9d9b91d1aee89d2,0,0,0,0,0,0,0,0,0,0,0
2,24,evaluation,contract,0xd1747284d6048b2a3dcfbee489db405f36de18f9590197dd0e5c9f0c246bf050,488,255,1,0,0,0,0,0,92,92,141
2,24,evaluation,contract,0xd595eb9b81885ff018738300c79047e3ec89e87294424f57a29a7fa9162bf116,1316,1121,1,0,0,0,0,0,44,44,151
2,24,evaluation,contract,0xd86a816093fcd0a0e1ca440bc5ce199bd3c5a8d6139e044b076958164f8c5423,1,0,0,0,0,0,1,1,1,1,0
2,24,evaluation,contract,0xd9fb1184af0064e5e34b129f5b79afa5a17b7e32f2953ab05efed82315fee6d4,1462,1318,1,0,0,0,0,0,24,24,120
2,24,evaluation,contract,0xde04b189b3f19eaccda02529a3ea67abfc46bff5c0c8fc42d8a2d0ed7b8f0d41,47,23,1,0,0,0,24,24,24,24,0
2,24,evaluation,contract,0xe06a7e94cf2fa8dc2085b7610fe16e9be1cde6654f34d365c13da1149b276c61,789,596,1,0,0,8,8,8,73,73,112
2,24,evaluation,contract,0xe1bd581c13be7103749ca1a64d21230ed6693a162fc057d81e3d1e9237fc81f8,94,0,0,94,0,0,24,24,0,0,0
2,24,evaluation,contract,0xe70fd51f42e61fc309d8e57019a7b76c8dc7bd19b473351d56ff1e125ae0d9d4,6,0,0,0,0,0,6,6,6,6,0
