walk,horizon_hours,split,stratum,value,contracts,rows,zero_rate,positive_rate,mean,std,q01,q05,q25,q50,q75,q95,q99,maximum,skew
1,2,train,starting_price_band,"[0,0.05)",29,17673,0.1461551519266678,0.8538448480733322,5.7091898063696875e-06,4.469561316609645e-05,0.0,0.0,1.0000000000020003e-12,1.0000000000000019e-06,2e-06,1.299995953558668e-05,0.00010000000000000005,0.0022849998735181235,27.037680628471186
1,2,train,starting_price_band,"[0.05,0.25)",26,9706,0.06521739130434782,0.9347826086956522,0.00037288397925108974,0.009566675329519776,0.0,0.0,9.999980240343952e-07,9.999698398542012e-05,0.00016754274189994205,0.0004999999999999998,0.0017000000000000003,0.577598480002,47.032517434208636
1,2,train,starting_price_band,"[0.25,0.75)",19,7052,0.0526091888825865,0.9473908111174135,0.0011748756949839113,0.011177713728046481,0.0,0.0,9.999987772427103e-05,0.0001999988213531107,0.000499999901345966,0.002500000028978851,0.011700147000980007,0.5001999996716645,28.99601634966281
1,2,train,starting_price_band,"[0.75,0.95)",9,1689,0.07341622261693309,0.9265837773830669,0.003299409944961199,0.03784297713169617,0.0,0.0,4.0000000000000074e-06,9.999995039999334e-05,0.00020000000000000036,0.0016599494443955375,0.028532846553824362,0.806898700001,15.310130585179609
1,2,train,starting_price_band,"[0.95,1]",8,865,0.06473988439306358,0.9352601156069364,0.0033830535123015927,0.05704410010360971,0.0,0.0,1.0000000000000019e-06,2.000004151001857e-06,8.000000000000015e-06,3.7000000000000066e-05,0.0002408399999999989,0.982081,16.92475684272706
1,2,train,causal_activity_band,1,2,9,0.4444444444444444,0.5555555555555556,3.3333333333333335e-07,6.666666666666667e-07,0.0,0.0,0.0,7.52316384526264e-37,1.504632769052528e-36,1.5999999999999995e-06,1.92e-06,2e-06,2.121320343559643
1,2,train,causal_activity_band,2-3,6,61,0.639344262295082,0.36065573770491804,2.1588524629527864e-05,8.507538410924007e-05,0.0,0.0,0.0,0.0,9.999997006000444e-07,0.00010000000000000018,0.0004399520013999993,0.0004999400019999992,4.633397070562599
1,2,train,causal_activity_band,4-8,19,869,0.35097813578826237,0.6490218642117376,1.84920370230582e-05,5.9277546311238606e-05,0.0,0.0,0.0,9.999999999999983e-07,1.9999999999999965e-06,0.00010000000000000059,0.00020000000000000036,0.0005000000000000009,4.604101219651241
1,2,train,causal_activity_band,9+,47,36046,0.09485102369194917,0.9051489763080508,0.0005683567946537894,0.013965945297559122,0.0,0.0,9.999992632265529e-07,2.0000000000000037e-06,0.00010000000000000018,0.0007999993474251978,0.003399999999999998,0.982081,49.32275769320304
1,2,train,lifecycle_stage,early,23,17811,0.12464207512211554,0.8753579248778844,0.00016265550119068403,0.001148679413759007,0.0,0.0,2.0075790588256333e-11,1.0000000000000192e-06,0.00010000000000000018,0.0005000062214348464,0.002499966217088637,0.09369999999999998,46.100635272044165
1,2,train,lifecycle_stage,late,23,10652,0.09331580923770184,0.9066841907622981,0.001221874606677323,0.023248402104018146,0.0,0.0,9.999492380549005e-07,1.9999999999999965e-06,9.999995039999487e-05,0.0008000207724677413,0.006616606498978252,0.982081,30.679295392652136
1,2,train,lifecycle_stage,middle,26,8522,0.06489087068763201,0.935109129312368,0.0005388304456972323,0.012075724115369767,0.0,0.0,1.0000000000000019e-06,1.0000000000000018e-05,0.00010000000000007514,0.0006403925180063673,0.0034000474007899934,0.806898700001,48.29694979194618
1,2,train,time_to_resolution_band,0-24h,16,368,0.16032608695652173,0.8396739130434783,0.0005609217413097108,0.002921494774436023,0.0,0.0,9.980009999999998e-07,1.9999990293633577e-06,2.8996999502195454e-05,0.001894869924850038,0.012262044046593337,0.03249964000100005,8.680188656902082
1,2,train,time_to_resolution_band,1-7d,20,2353,0.08839779005524862,0.9116022099447514,0.0014567182952990958,0.01755458813473785,0.0,0.0,9.99990873641595e-07,4.000000000000018e-06,0.00015698800099999872,0.0034000161148480075,0.02150802049026819,0.577598480002,26.007105114791113
1,2,train,time_to_resolution_band,30d+,32,27293,0.10808632250027479,0.8919136774997252,0.0003560435515905255,0.011507773527053062,0.0,0.0,9.99938817690241e-07,1.9999999950299795e-06,9.999999999999907e-05,0.0004999968163275303,0.0017000000000000032,0.97417,61.77816705736091
1,2,train,time_to_resolution_band,7-30d,20,6727,0.0753679203210941,0.9246320796789059,0.00105352009653632,0.019972394370277903,0.0,0.0,1e-06,1.0000000000000018e-05,0.00019999988025455292,0.0013000000000000023,0.005200000000000008,0.982081,36.1865428855361
1,2,train,time_to_resolution_band,past_metadata_end,14,244,0.1762295081967213,0.8237704918032787,0.0002695688838735565,0.0010602110324719255,0.0,0.0,3.1774158353833918e-22,1.0000029940033642e-06,1.2999482941477536e-05,0.0012280205928434183,0.004726974600999994,0.010600280002000001,6.537602866505626
1,2,train,future_update_count_band_retrospective,0,46,3767,1.0,0.0,0.0,0.0,0.0,0.0,0.0,0.0,0.0,0.0,0.0,0.0,
1,2,train,future_update_count_band_retrospective,1,47,11262,0.0,1.0,0.0003172880132539376,0.010961201277474134,3.009265538105056e-36,4.81482486096809e-35,9.999999999999462e-07,1.0000000000000019e-06,9.999983921702418e-05,0.00039999481061358047,0.0009000000000000016,0.6400000000000001,50.1934992006509
1,2,train,future_update_count_band_retrospective,2-3,47,21956,0.0,1.0,0.0007711368598560797,0.01607710313139944,9.62964972193618e-35,3.371385821240448e-16,1.998000999999929e-06,7.99990243713577e-06,0.0001999986021694043,0.0010000000000000018,0.005000000000000003,0.982081,44.89680007829086
1,2,train,context_imputation_exposure,any,45,15612,0.13009223674096848,0.8699077632590315,0.0008255826576782204,0.02042320237918427,0.0,0.0,2.0000000001150225e-12,1.0000000000000112e-06,2.4999532533141718e-05,0.0004999800010000003,0.002499999426366006,0.982081,35.235403903027716
1,2,train,context_imputation_exposure,none,40,21373,0.08122397417302203,0.9187760258269779,0.000356308522369043,0.004918760062909258,0.0,0.0,9.999999999999966e-07,5.00000000000001e-06,0.00010000000100000018,0.0008999999999999982,0.003999987081177494,0.42124100012667454,59.95586707122193
1,4,train,starting_price_band,"[0,0.05)",29,16486,0.04597840592017469,0.9540215940798253,1.2398022972986786e-05,9.128402640637196e-05,0.0,1.504632769052528e-36,1.0000000000000019e-06,2.0000000000000037e-06,3.000000000000075e-06,2.9946885249999787e-05,0.00024301378079999973,0.005445999873518123,32.757882351288515
1,4,train,starting_price_band,"[0.05,0.25)",26,9343,0.015091512362196297,0.9849084876378037,0.00067352856978308,0.012917964951575123,0.0,1.1250005625315105e-14,7.999480533550857e-06,0.00019998000099999977,0.0002999999832292529,0.0010000012635757072,0.003658033330812513,0.6728000523177895,39.56866636919609
1,4,train,starting_price_band,"[0.25,0.75)",19,6924,0.010543038705950318,0.9894569612940497,0.0022799891968265425,0.016098663856255167,0.0,8.345815576390331e-05,0.00020000000000000036,0.0004999846996529445,0.001100000000000002,0.005252546540126119,0.028964223297999966,0.5003999996716645,21.118482551455482
1,4,train,starting_price_band,"[0.75,0.95)",9,1653,0.009074410163339383,0.9909255898366606,0.004352056595451489,0.044230186422047825,2.7455013149724224e-17,2.0000000507831094e-06,2.2999427147778514e-05,0.0001999995467233065,0.0004999400019999992,0.002999998779521108,0.060840000000000005,0.8077987000019999,14.976416782572493
1,4,train,starting_price_band,"[0.95,1]",6,850,0.011764705882352941,0.9882352941176471,0.003454856852766332,0.05754298092131989,0.0,1.0000000000000019e-06,3.0000000000000056e-06,7.000000000000014e-06,1.5002001424891768e-05,9.829915060491258e-05,0.00038659999999999725,0.982083,16.776259827915673
1,4,train,causal_activity_band,1,1,7,0.42857142857142855,0.5714285714285714,1.1428570573142953e-06,1.355261737136776e-06,0.0,0.0,0.0,7.52316384526264e-37,2.499999850300011e-06,2.9999997006000376e-06,2.999999700600043e-06,2.9999997006000443e-06,0.5556123702649967
1,4,train,causal_activity_band,2-3,6,59,0.4915254237288136,0.5084745762711864,3.437118648137629e-05,0.00011718786016607952,0.0,0.0,0.0,7.52316384526264e-37,2e-06,0.00020000000000000036,0.0005999484015799995,0.0005999600009999999,4.085060806899121
1,4,train,causal_activity_band,4-8,19,804,0.19527363184079602,0.804726368159204,3.606356728923872e-05,0.00010465864846274903,0.0,0.0,6.73529064199014e-21,1.9999999999999965e-06,3e-06,0.00029999974500008984,0.0004999590837795013,0.000999940002,3.8238463876823583
1,4,train,causal_activity_band,9+,47,34386,0.023497935206188564,0.9765020647938114,0.0009417601146418108,0.016580525475604863,0.0,6.589790217086814e-17,2e-06,9.000000000000017e-06,0.0002069998969600532,0.0016,0.006600003489751233,0.982083,40.3200739106153
1,4,train,lifecycle_stage,early,23,16742,0.03416557161629435,0.9658344283837057,0.00033997839443930945,0.001862974467642391,0.0,1.504632769052528e-34,1.9999998639998647e-06,3.0000000000000056e-06,0.0002000004930627845,0.0014000049679823942,0.004058988201180343,0.10369999999999997,32.99498855095658
1,4,train,lifecycle_stage,late,23,10289,0.028088249586937505,0.9719117504130625,0.0017177076322041067,0.025147513186967153,0.0,8.275480229788853e-35,1.999999999999993e-06,5.002001000000072e-06,0.00019999999999999982,0.0018999040025999994,0.015112071390290955,0.982083,27.0973334596677
1,4,train,lifecycle_stage,middle,26,8225,0.016534954407294834,0.9834650455927052,0.0011001802070181987,0.018701310110037728,0.0,1.8548642750141614e-13,5.999999999999788e-06,9.699907882202059e-05,0.0002999973540340266,0.0014775947587999303,0.006500000000000012,0.8077987000019999,34.69683846030697
1,4,train,time_to_resolution_band,0-24h,16,356,0.06460674157303371,0.9353932584269663,0.0009759859828912214,0.0037089694060103507,0.0,0.0,1.998000999999985e-06,4.00000000003574e-06,7.825741800937762e-05,0.005499905003750005,0.021825022255776417,0.035899640001000044,6.297603235331437
1,4,train,time_to_resolution_band,1-7d,20,2310,0.03463203463203463,0.9653679653679653,0.002568547762736615,0.020970941605933654,0.0,1.504632769052528e-36,2.000000000000002e-06,1.1993001999999808e-05,0.000400014009382013,0.007299999988977803,0.0456639674849176,0.578898480002,19.924756375633454
1,4,train,time_to_resolution_band,30d+,32,25800,0.028875968992248063,0.9711240310077519,0.0005382944755869503,0.012636765200105936,0.0,7.823434713816076e-22,1.9999999999999965e-06,5.000000000000018e-06,0.0001999999999999998,0.0009999999999999985,0.003000002369307726,0.9741719960019999,54.35952577159387
1,4,train,time_to_resolution_band,7-30d,20,6576,0.021137469586374694,0.9788625304136253,0.001842714623823606,0.02556166713668874,0.0,2.0000000001150225e-12,2.998002750000005e-06,9.999391618236862e-05,0.0005000000000000009,0.002905403125499997,0.011124995073072857,0.982083,27.808561640262422
1,4,train,time_to_resolution_band,past_metadata_end,14,214,0.04672897196261682,0.9532710280373832,0.0005977062240067539,0.0018685003319040788,0.0,7.52316384526264e-37,1.000000000001082e-06,5.996930380318822e-06,9.874912711555109e-05,0.0031762785145000635,0.010288267001870011,0.013500340004000005,4.458427767459765
1,4,train,future_update_count_band_retrospective,0,36,997,1.0,0.0,0.0,0.0,0.0,0.0,0.0,0.0,0.0,0.0,0.0,0.0,
1,4,train,future_update_count_band_retrospective,1,44,2375,0.0,1.0,0.0002477354068610337,0.010634736545003534,7.52316384526264e-37,3.6863502841786936e-35,9.999999999999983e-07,1e-06,1.0000000000000192e-06,0.00010000000000000018,0.0004000000000000007,0.5184,48.73070773489902
1,4,train,future_update_count_band_retrospective,2-3,47,17828,0.0,1.0,0.0005251736190231137,0.01089783086419048,5.416677968589101e-35,6.377869676253235e-13,1.999999999999997e-06,3.000000000000019e-06,0.00019999999999999814,0.0008999999999999961,0.002999982080783336,0.6728000523177895,43.98312836022756
1,4,train,future_update_count_band_retrospective,4+,47,14056,0.0,1.0,0.0015981237506357872,0.022406487567905874,5.525910151680824e-15,1.996003662575179e-06,4.0000000000000074e-06,9.998000399999974e-05,0.00040000000199999974,0.002900008398267976,0.012999964060846176,0.982083,32.60467552696575
1,4,train,context_imputation_exposure,any,45,14107,0.036435812008222865,0.9635641879917771,0.0012556059453180735,0.02450859393924066,0.0,7.372700568357387e-35,1.998000999999998e-06,2.999999999999995e-06,0.0001000000009999992,0.0010000000000000015,0.004999932801060007,0.982083,29.1065119341388
1,4,train,context_imputation_exposure,none,39,21149,0.022837959241571705,0.9771620407584283,0.0006951421457077681,0.006798737184470584,0.0,7.45199317010545e-16,2.9960019999999185e-06,4.5004005000000845e-05,0.00029999999439007626,0.0018999999742284205,0.007851874112778573,0.42174100012667454,40.33529013019936
1,8,train,starting_price_band,"[0,0.05)",27,14570,0.012354152367879203,0.9876458476321208,2.661862168718546e-05,0.0001562511254078651,0.0,1e-06,2.9999999999999984e-06,4.000000000001092e-06,7.000000000000021e-06,7.599820089999987e-05,0.0005704817826199961,0.005567999873518125,21.592119820573334
1,8,train,starting_price_band,"[0.05,0.25)",24,8781,0.002277644915157727,0.9977223550848423,0.0012086805374999933,0.015840554626900184,1.416690433801039e-14,3.9966845235939785e-06,2.8999348228491152e-05,0.00038816739165970513,0.0006000000000000017,0.002199954194018047,0.007299999553923634,0.6728000523187896,31.388783130343096
1,8,train,starting_price_band,"[0.25,0.75)",19,6706,0.0020876826722338203,0.9979123173277662,0.004351270784917059,0.021710746854148883,6.803341966615562e-05,0.00019999992234319945,0.0004999998619992024,0.0010703399252292686,0.002499980002000491,0.010699999945100824,0.0681553400039998,0.5012999396736645,14.988087556886505
1,8,train,starting_price_band,"[0.75,0.95)",9,1583,0.0,1.0,0.006101003759444769,0.04788420788504081,7.000000575651625e-06,1.499894007612044e-05,6.150300100004035e-05,0.0003999995072001125,0.0008999283330584157,0.006499999883792159,0.11499799590032349,0.808398660003,12.937901600307695
1,8,train,starting_price_band,"[0.95,1]",6,830,0.0,1.0,0.0035596890146353914,0.05822862882898057,2.0000000000000037e-06,3.99994291710639e-06,8.99999833901421e-06,1.6999875142344393e-05,3.6744699570454245e-05,0.00018009783998569777,0.0005152800061974914,0.9820849999999999,16.576209990127882
1,8,train,causal_activity_band,1,1,7,0.42857142857142855,0.5714285714285714,2.285714157400019e-06,2.657296315372061e-06,0.0,0.0,0.0,7.52316384526264e-37,4.999999700600045e-06,5.699999700600044e-06,5.939999700600044e-06,5.999999700600044e-06,0.4289632651064731
1,8,train,causal_activity_band,2-3,6,56,0.44642857142857145,0.5535714285714286,6.160535718573577e-05,0.0001835890056665148,0.0,0.0,0.0,3.009265538105056e-36,3e-06,0.0005000000000000009,0.0007999490015499999,0.0007999600010000002,3.0841582316156204
1,8,train,causal_activity_band,4-8,18,682,0.08944281524926687,0.9105571847507331,6.830654159157624e-05,0.00019606306346723725,0.0,0.0,1.9999999999999965e-06,3.999971249138573e-06,5.000000000002688e-06,0.0005000000000000009,0.000848507412879986,0.0014999400020000008,3.482130981151223
1,8,train,causal_activity_band,9+,46,31725,0.003940110323089046,0.996059889676911,0.0016625140700836881,0.019391849505180803,1.2037062152420224e-33,1.9999999946617124e-06,4.997997352010796e-06,3.3999188472803314e-05,0.0005999908740849816,0.0034998906363667122,0.015200256821083289,0.9820849999999999,30.98827512146736
1,8,train,lifecycle_stage,early,22,14996,0.005401440384102427,0.9945985596158976,0.0007399435988047531,0.003114428025583358,1.504632769052528e-34,1.0000000204910282e-06,3.999999934370264e-06,7.999999999999957e-06,0.0005999990137282625,0.003100000000000001,0.008099930668646334,0.11619998481606078,23.146496002232773
1,8,train,lifecycle_stage,late,23,9678,0.010849349039057656,0.9891506509609423,0.002687008757418599,0.0278692412753243,0.0,1.9960039999998816e-06,4.000000000000028e-06,1.1999999769840366e-05,0.000499980001000002,0.0044711783852499935,0.046600001851360054,0.9820849999999999,22.341922305690847
1,8,train,lifecycle_stage,middle,25,7796,0.0035915854284248334,0.9964084145715751,0.002012858500872074,0.02333674345458073,4.541971878039602e-14,3.99975979194157e-06,1.7002002000000037e-05,0.00019998376208898874,0.000599980003000001,0.00330000019120053,0.014499996211806102,0.808398660003,24.74521518785766
1,8,train,time_to_resolution_band,0-24h,15,339,0.011799410029498525,0.9882005899705014,0.0018511950497842348,0.005224231887802402,2.8588022611998024e-37,9.000002000000021e-07,3.996003499999876e-06,1.0000000000000023e-05,0.00038848893760789354,0.013165099612000252,0.02487202300598181,0.03629964046180063,3.862949333477874
1,8,train,time_to_resolution_band,1-7d,20,2232,0.02060931899641577,0.9793906810035843,0.004481435739919507,0.02403130703269067,0.0,5.500000000316426e-13,4.994003999999835e-06,2.5188882000000016e-05,0.0009275686202553082,0.020112297507458344,0.07069647720531012,0.6076652516595836,15.238251242897919
1,8,train,time_to_resolution_band,30d+,31,23432,0.004694434960737453,0.9953055650392626,0.0009535762856519451,0.015027571827248917,3.913136884572128e-24,1.999998870721113e-06,4.000000000000016e-06,2.0000019220513685e-05,0.0004999795621507445,0.002200000000000004,0.006168939060826526,0.974174996002,42.091284811033994
1,8,train,time_to_resolution_band,7-30d,20,6312,0.008555133079847909,0.9914448669201521,0.003109628448101794,0.028970126811863454,1.504632769052528e-36,2e-06,5.999999999705367e-06,0.00028419792063274,0.0011590127987019117,0.005800028370586068,0.029712001304645234,0.9820849999999999,21.68473490229687
1,8,train,time_to_resolution_band,past_metadata_end,13,155,0.0,1.0,0.0012323603327733638,0.003446710040405211,1.1585672321704466e-36,2.256949153578792e-36,4.000010488014615e-06,1.1000011983329063e-05,0.0006812220735468007,0.008311115462160156,0.018884238405460007,0.019730922775000003,3.8973756775369033
1,8,train,future_update_count_band_retrospective,0,19,214,1.0,0.0,0.0,0.0,0.0,0.0,0.0,0.0,0.0,0.0,0.0,0.0,
1,8,train,future_update_count_band_retrospective,1,26,269,0.0,1.0,2.072116160421347e-05,5.4009268847344585e-05,7.52316384526264e-37,7.52316384526264e-37,9.999999999999983e-07,1e-06,1.0000000000000019e-06,0.00010000000000000018,0.0001959999999999983,0.0004000000000000007,4.338298848085702
1,8,train,future_update_count_band_retrospective,2-3,38,2393,0.0,1.0,0.00039649003867115747,0.011856097457954538,1.504632769052528e-36,2.002967142162732e-33,1.9999999999999965e-06,2.999999999999995e-06,4e-06,0.00030000000000000057,0.0008999937280218263,0.5185999600019999,39.314327232960984
1,8,train,future_update_count_band_retrospective,4+,46,29594,0.0,1.0,0.0017516704460282615,0.019789858338394663,9.999548750571479e-07,2.99423086695438e-06,4.9999999999999996e-06,5.000000000000017e-05,0.0006000000000000022,0.003799977296310175,0.0161062917642481,0.9820849999999999,30.564390833107023
1,8,train,context_imputation_exposure,any,44,11718,0.005973715651135006,0.994026284348865,0.0021451291015040135,0.029673903157339424,8.380804523622584e-35,1.9960017576564014e-06,3.0012378125408785e-06,5.999988048071379e-06,0.0003999398040204134,0.0023999999999999985,0.011599960051894507,0.9820849999999999,22.2574159562001
1,8,train,context_imputation_exposure,none,39,20752,0.006939090208172706,0.9930609097918273,0.0013327239313486864,0.008804706677021741,2.256949153578792e-36,2e-06,6.000000000000011e-06,0.00016898232967901274,0.0006999999604777425,0.003899999994042685,0.016100010262184206,0.422541000126675,24.101599694278043
1,24,train,starting_price_band,"[0,0.05)",25,9902,0.004847505554433448,0.9951524944455665,0.00010052069105690862,0.0004343992635397546,1e-06,5.00000000004213e-06,9.999999988852534e-06,1.3998001999999974e-05,3.600131624045774e-05,0.00039799920512042917,0.001654714119947429,0.014088207923000005,12.018024904020908
1,24,train,starting_price_band,"[0.05,0.25)",21,7564,0.0,1.0,0.0027404508891939764,0.016488664108306284,9.997082142565308e-06,1.5999149699829214e-05,0.00011000150588341549,0.0011999379178000275,0.002099899983036329,0.007500019235979425,0.023623413322730394,0.6984416165474373,29.220728394959924
1,24,train,starting_price_band,"[0.25,0.75)",16,6051,0.0,1.0,0.011462446143172786,0.03186350359348162,0.0006999774040329934,0.0009999963605875474,0.001999939327054873,0.003799918051323159,0.008299948026029846,0.03900190937940775,0.1517044421451077,0.45429966743134664,7.613735813219354
1,24,train,starting_price_band,"[0.75,0.95)",8,1400,0.0,1.0,0.01253202044755759,0.057815589624997867,4.499821336958802e-05,5.699984986104337e-05,0.00019449997157974875,0.0011999776517217769,0.00209988267853271,0.08280511857045958,0.4022538590303467,0.8391998938677049,7.459446583920844
1,24,train,starting_price_band,"[0.95,1]",4,768,0.0,1.0,0.0026292958350755302,0.04914579492901215,1.2000000000000022e-05,1.8996907886323136e-05,3.5000810287268594e-05,6.999813195198587e-05,0.0001539979661678924,0.0003726507386688724,0.0005176658436522909,0.9741839960019999,19.560313283897152
1,24,train,causal_activity_band,1,1,7,0.42857142857142855,0.5714285714285714,6.428564230014621e-06,7.423066577403481e-06,0.0,0.0,0.0,7.52316384526264e-37,1.499998320336745e-05,1.499998320336745e-05,1.499998320336745e-05,1.499998320336745e-05,0.37416573867739394
1,24,train,causal_activity_band,2-3,3,44,0.5681818181818182,0.4318181818181818,4.27272650897864e-06,5.301643439715026e-06,0.0,0.0,0.0,0.0,9.250000000000006e-06,1.3000000000000001e-05,1.399998320336745e-05,1.3999983203367452e-05,0.6626483696879816
1,24,train,causal_activity_band,4-8,17,403,0.04714640198511166,0.9528535980148883,0.00014974313130309983,0.000583353146895065,0.0,2e-06,6.000000000000005e-06,9.999996283681554e-06,1.3e-05,0.0013000000000000025,0.0036535379560000063,0.004055537955000005,4.921837905658963
1,24,train,causal_activity_band,9+,41,25231,3.963378383734295e-05,0.9999603662161627,0.004382978731209018,0.024648245097423353,4.000000000000006e-06,8.000000000000032e-06,1.798400950961925e-05,0.000468979881378192,0.0022999203350298003,0.012499897618293395,0.08384452597455846,0.9741839960019999,17.2140415454844
1,24,train,lifecycle_stage,early,22,10771,0.0,1.0,0.002863514844604429,0.007420066751603095,3.0000000532393382e-06,6.99999979991042e-06,1.2000000000000165e-05,0.0010999879642800499,0.002899983047136937,0.011699998927983582,0.02562987338113186,0.136599917862754,10.481948339823411
1,24,train,lifecycle_stage,late,22,8102,0.005924463095531967,0.994075536904468,0.0056125141145310494,0.03174645167350397,9.027796614315168e-36,7.0000000000000295e-06,1.3999998802400717e-05,3.799998522648666e-05,0.0017000015452958215,0.019400003253129676,0.11955562292105758,0.9741839960019999,15.236116167507616
1,24,train,lifecycle_stage,middle,20,6812,0.0,1.0,0.00503993072545523,0.030981452924883735,8.999918257198284e-06,1.899819712184606e-05,6.299841908157108e-05,0.0005929786469526236,0.0017999925619037996,0.010045041880387712,0.14204492276596922,0.6741999923237896,12.18718001531704
1,24,train,time_to_resolution_band,0-24h,13,262,0.0,1.0,0.00595622171813054,0.01249243935436115,6.10000000000002e-07,6.05000000000001e-06,1.7999999194581924e-05,3.10040020000002e-05,0.004630267164511929,0.03930407435447696,0.04383893189256447,0.07601566189356454,2.552285767831198
1,24,train,time_to_resolution_band,1-7d,19,1971,0.0121765601217656,0.9878234398782344,0.012214942276318752,0.03692930750342684,0.0,4.0000000000000074e-06,1.8996958882916657e-05,0.00021799419049952452,0.004899985309812364,0.0835001185704596,0.1580471257153667,0.6984416165474373,7.249136016465601
1,24,train,time_to_resolution_band,30d+,27,17841,0.0,1.0,0.00227089916304239,0.015574034292854934,4.000000000161673e-06,7.99999986901812e-06,1.5000002000000001e-05,0.0002863916243799155,0.0016999968402831808,0.007699962711612517,0.023459910557367004,0.9741839960019999,42.54196768928011
1,24,train,time_to_resolution_band,7-30d,18,5611,0.004277312422028159,0.9957226875779719,0.007930176896159715,0.0377808742786886,2.9999999999999984e-06,8.000002e-06,1.899800399999996e-05,0.001100000002000002,0.00419984412504396,0.019299980473463776,0.17064088842213915,0.47125417903134664,9.236468103781583
1,24,train,future_update_count_band_retrospective,0,1,48,1.0,0.0,0.0,0.0,0.0,0.0,0.0,0.0,0.0,0.0,0.0,0.0,
1,24,train,future_update_count_band_retrospective,1,2,5,0.0,1.0,6e-07,4.898979485566356e-07,7.52316384526264e-37,7.52316384526264e-37,7.52316384526264e-37,1e-06,1e-06,1e-06,1e-06,1e-06,-0.6085806194501848
1,24,train,future_update_count_band_retrospective,2-3,4,23,0.0,1.0,2.3913043478260923e-06,1.8353800799309081e-06,1.504632769052528e-36,1.5798644075051545e-36,1.5e-06,2e-06,3.0000000000000157e-06,4.8e-06,8.12e-06,8.999999999999993e-06,1.9484747603133434
1,24,train,future_update_count_band_retrospective,4+,41,25609,0.0,1.0,0.0043206473446431295,0.024471067657944608,4.000000000000002e-06,8e-06,1.698435687223478e-05,0.0003999999192867811,0.0021999962772302987,0.012299938160838273,0.0833001185704596,0.9741839960019999,17.33856028431151
1,24,train,context_imputation_exposure,any,39,6270,0.0,1.0,0.00572645635383382,0.04161744711901718,3.999998203041409e-06,6.999988048071423e-06,1.1991996691391137e-05,3.2999911099759914e-05,0.001399996600001193,0.011499801459558524,0.10500201456786734,0.9741839960019999,12.755803510884364
1,24,train,context_imputation_exposure,none,37,19415,0.002472315220190574,0.9975276847798095,0.0038497365186931677,0.015157385359221126,3.000000000000002e-06,8.996006648129733e-06,2.3998826551844536e-05,0.0007809760434139475,0.002499853229856727,0.012599999519481955,0.08277206912665962,0.4409409067392555,10.401663742846978
2,2,train,starting_price_band,"[0,0.05)",26,21967,0.1626075476851641,0.8373924523148359,6.194328033272498e-06,0.0001590437241238477,0.0,0.0,3.610918946085612e-15,1e-06,1.9999998551327905e-06,7.99997130349432e-06,9.237997943195336e-05,0.015695999999999995,83.16393741203518
2,2,train,starting_price_band,"[0.05,0.25)",23,23173,0.07059940447935097,0.929400595520649,0.0003573737117529098,0.01764453200414834,0.0,0.0,9.999621605668903e-07,2.0000000000000037e-06,9.999658683271557e-05,0.00020000000000000223,0.0013000001328000972,1.8019239999999999,84.22607871953039
2,2,train,starting_price_band,"[0.25,0.75)",21,9742,0.07647300349004311,0.9235269965099568,0.0009087466524928853,0.006691528615055509,0.0,0.0,1.9999914636724404e-06,0.00010000000000000018,0.0003999999291428526,0.0026,0.011658994489103153,0.254837736488996,23.33273206093054
2,2,train,starting_price_band,"[0.75,0.95)",11,804,0.06218905472636816,0.9378109452736318,0.0004915771386562921,0.003340488687805532,0.0,0.0,2.0000000000000037e-06,1.2999886550719075e-05,0.00010000000000000018,0.001204902487557226,0.009858468926850899,0.058188863022249994,13.798817566964958
2,2,train,starting_price_band,"[0.95,1]",7,1141,0.17879053461875546,0.8212094653812445,0.0015188656959355905,0.035955464105584214,0.0,0.0,7.989481033182605e-14,1.0000000000000019e-06,2.0000000000000037e-06,0.00010000000000000018,0.00020000000000000036,0.937024,24.17331271905201
2,2,train,causal_activity_band,1,1,2,0.0,1.0,1.9999999437924084e-06,5.620759167312744e-14,1.999999888708968e-06,1.9999998932055756e-06,1.9999999156886125e-06,1.9999999437924084e-06,1.999999971896204e-06,1.999999994379241e-06,1.9999999988758483e-06,2e-06,
2,2,train,causal_activity_band,2-3,6,49,0.5102040816326531,0.4897959183673469,2.724473475274503e-05,9.408631176550154e-05,0.0,0.0,0.0,0.0,1.0000000000000019e-06,0.00015999999999999971,0.0004520000000000004,0.0005000000000000009,4.11008306017251
2,2,train,causal_activity_band,4-8,25,1044,0.31226053639846746,0.6877394636015326,6.806489656300451e-06,2.9429481358634232e-05,0.0,0.0,0.0,1e-06,1.9999930588699964e-06,5.00000000000001e-06,0.00020000000000000036,0.00020000047250065978,5.417800782597772
2,2,train,causal_activity_band,9+,43,55732,0.10507428407378167,0.8949257159262183,0.0003479205936675695,0.012807856302117818,0.0,0.0,9.999710989244907e-07,1.999907226882054e-06,2.5999941425962224e-05,0.0004999976714206984,0.0033353606620230482,1.8019239999999999,103.13322876443263
2,2,train,lifecycle_stage,early,24,20960,0.14384541984732824,0.8561545801526718,0.0003490399569823014,0.01532351613055518,0.0,0.0,9.99985880202067e-07,1.0000000000000019e-06,3.9999535880068775e-06,0.0004999997216015415,0.003699989099509584,1.8019239999999999,97.03297253287748
2,2,train,lifecycle_stage,late,20,17948,0.08775351014040561,0.9122464898595943,0.000449461298853825,0.014936382391376376,0.0,0.0,9.999250803743418e-07,1.9997320661142357e-06,9.000000000000015e-06,0.00021878597133780564,0.0032461482342578704,1.5487994925912254,78.83977037317834
2,2,train,lifecycle_stage,middle,30,17919,0.09023941068139964,0.9097605893186004,0.00022411666964157855,0.0034741118485163438,0.0,0.0,9.999798658898666e-07,3.999996851788713e-06,0.00010000000000000018,0.0004999999999999995,0.002599999999999994,0.254837736488996,56.75066574723427
2,2,train,time_to_resolution_band,0-24h,7,130,0.07692307692307693,0.9230769230769231,0.008348678110016144,0.04130286847978641,0.0,0.0,2.0214311415069073e-16,1.4995270351522524e-06,0.0001000002429548922,0.011041121542044289,0.26085704935802345,0.27715995206004107,5.67657299500424
2,2,train,time_to_resolution_band,1-7d,10,1266,0.10979462875197472,0.8902053712480252,0.0004510430644964569,0.002874281883551757,0.0,0.0,1.451198250787957e-14,1.999999999999998e-06,9.999960755060195e-05,0.001299999999999999,0.008097770131296608,0.049300016720005335,12.330152428222737
2,2,train,time_to_resolution_band,30d+,37,49761,0.11293985249492575,0.8870601475050742,0.00026926894322070025,0.013125100174339523,0.0,0.0,9.999516795108959e-07,1.0000280875952347e-06,1.2999991629999279e-05,0.0003999992224007344,0.0024999973990008023,1.8019239999999999,106.34794587362751
2,2,train,time_to_resolution_band,7-30d,17,5607,0.07775994292848225,0.9222400570715178,0.0007728908850763482,0.007652332003653469,0.0,0.0,9.999999999999671e-07,4.000000000000157e-06,0.00010000147240831842,0.0016999999876877055,0.009793999999999962,0.254837736488996,22.04616070777002
2,2,train,time_to_resolution_band,past_metadata_end,4,63,0.031746031746031744,0.9682539682539683,0.00015421814765039535,0.0003459612592967952,0.0,2.535306215853511e-35,1.0000000000000019e-06,4.999963406333425e-06,0.00011638283889725288,0.0006303021332064791,0.0016060177843119268,0.0018099916196571272,3.281531844030914
2,2,train,future_update_count_band_retrospective,0,42,6207,1.0,0.0,0.0,0.0,0.0,0.0,0.0,0.0,0.0,0.0,0.0,0.0,
2,2,train,future_update_count_band_retrospective,1,43,17004,0.0,1.0,0.00012438425247519543,0.007460722142065497,2.7083389842945504e-35,1.7333369499485123e-33,9.999987587334747e-07,1.0000000000000019e-06,4.0000000000000074e-06,0.00010000000000000018,0.0008999999999999981,0.937024,118.69313358383636
2,2,train,future_update_count_band_retrospective,2-3,43,33616,0.0,1.0,0.0005141517629818155,0.015612074252091882,3.4666738998970245e-33,1.6496688181720084e-16,1.0000000000004713e-06,2.0000000000001007e-06,9.99996672003582e-05,0.0007999999999999931,0.005000000000000003,1.8019239999999999,87.8298268933194
2,2,train,context_imputation_exposure,any,40,17687,0.13727596539831516,0.8627240346016849,0.0002786616218422223,0.01660422743309686,0.0,0.0,9.998112357086313e-07,1.0000000000000019e-06,5.00000000000001e-06,0.00020000000000000036,0.0013000000000000023,1.8019239999999999,90.37022390748884
2,2,train,context_imputation_exposure,none,41,39140,0.09655084312723557,0.9034491568727644,0.00036970023985594147,0.01044005625874468,0.0,0.0,9.999748063138097e-07,1.9999944241174695e-06,6.500000000000012e-05,0.0005000000000000009,0.004099994168762511,1.5487994925912254,106.88510595082016
2,4,train,starting_price_band,"[0,0.05)",24,21263,0.048158773456238535,0.9518412265437615,1.2974277306504468e-05,0.0002515289030477698,0.0,1.3541694921472752e-35,1.0000000000000019e-06,2e-06,3e-06,1.6000001531157162e-05,0.0001999846822722795,0.019225999999999997,59.81825251167156
2,4,train,starting_price_band,"[0.05,0.25)",23,22805,0.015610611707958782,0.9843893882920413,0.0008132440064579729,0.028700265341242648,0.0,6.672854574253467e-15,2.0000000000000037e-06,8.99999999999985e-06,0.00018199907463248632,0.0005999959037269064,0.0036000000000000008,1.801929,55.430124448616205
2,4,train,starting_price_band,"[0.25,0.75)",21,9480,0.022151898734177215,0.9778481012658228,0.0018074585878129568,0.010140197843712439,0.0,1.6014901590165243e-14,6.331700643341095e-05,0.0002999949292339596,0.0008999994844586511,0.005699999571056956,0.02893099999999906,0.26232280755396853,16.859937756057032
2,4,train,starting_price_band,"[0.75,0.95)",10,765,0.01045751633986928,0.9895424836601308,0.000968521043557667,0.004968750983997344,7.888609052210125e-33,2.0000000000000037e-06,1.0999919786784291e-05,3.599943524198292e-05,0.00020000000000101921,0.0032087995067591503,0.02239476434392198,0.058909873044499995,9.144569140100424
2,4,train,starting_price_band,"[0.95,1]",6,1130,0.03805309734513274,0.9619469026548673,0.0015524354211030123,0.036133228664212376,0.0,4.303425100838934e-17,1.0000000089817592e-06,2.0000000000000037e-06,5.00000000000001e-06,0.00030000000000000057,0.0004000000000000007,0.937125,24.05601667778051
2,4,train,causal_activity_band,1,1,2,0.0,1.0,2.9999993860446596e-06,5.015403549452513e-13,2.999998894535112e-06,2.99999893465834e-06,2.999999135274482e-06,2.9999993860446596e-06,2.9999996368148373e-06,2.999999837430979e-06,2.9999998775542073e-06,2.9999998875850145e-06,
2,4,train,causal_activity_band,2-3,5,48,0.2916666666666667,0.7083333333333334,4.95204584448006e-05,0.00013328225387414965,0.0,0.0,0.0,1.999999442252152e-06,4.250000000000024e-06,0.0004650000000000007,0.0005000000000000009,0.0005000000000000009,2.875576353967354
2,4,train,causal_activity_band,4-8,23,997,0.1354062186559679,0.8645937813440321,1.2841472832378089e-05,4.910418746579018e-05,0.0,0.0,1e-06,2e-06,3e-06,9.999925101347318e-05,0.00030000000000000057,0.00030000047250065994,4.728015545438363
2,4,train,causal_activity_band,9+,43,54396,0.027428487388778587,0.9725715126112214,0.0007066069882318391,0.019777640691438662,0.0,3.29524516775303e-16,1.999998011969931e-06,3.999996819191877e-06,0.00010000000000000276,0.0010230062530345028,0.006899999999999992,1.801929,74.48354426366107
2,4,train,lifecycle_stage,early,24,20320,0.04365157480314961,0.9563484251968504,0.0007137091585901495,0.023770829401618673,0.0,9.62964972193618e-35,1.9999796443156424e-06,2.999989578980322e-06,1.1999997608525456e-05,0.001299998723818794,0.007280996586266288,1.801929,69.63157485752984
2,4,train,lifecycle_stage,late,20,17656,0.021409152695967378,0.9785908473040327,0.0009076424093690857,0.02297652382532756,0.0,5.104012158111568e-15,1.9999592817766148e-06,3.999999999999962e-06,2.9000001000000708e-05,0.000600000000000001,0.007844999830710384,1.548899492591231,57.156338365478845
2,4,train,lifecycle_stage,middle,30,17467,0.021526306749871185,0.9784736932501288,0.000453648318538084,0.005204434175104714,0.0,2.6967172951755873e-15,2.000000000228662e-06,1.8999946422120418e-05,0.00020000000002957238,0.0011000001535344753,0.005235397774849639,0.26232280755396853,38.27089542071584
2,4,train,time_to_resolution_band,0-24h,6,122,0.02459016393442623,0.9754098360655737,0.017160220295689775,0.06112488150749352,0.0,7.372799941079608e-19,2.4996347677347407e-07,2.749992732205793e-05,0.00047500058537703845,0.21902195497624152,0.2844370658762762,0.2861374129959028,3.7297935256030925
2,4,train,time_to_resolution_band,1-7d,10,1254,0.03588516746411483,0.9641148325358851,0.0008677849216985962,0.004162085010433208,0.0,1.7333369499485123e-33,1.0000000001155124e-06,5.912689338499336e-06,0.00019999797832650462,0.0034017284699817867,0.022673586507219845,0.050100015200006426,8.295542053106084
2,4,train,time_to_resolution_band,30d+,37,48452,0.031226781144225214,0.9687732188557748,0.0005478008035934558,0.020318777726397678,0.0,2.2650274766909862e-17,1.9999951780048166e-06,3.0000000000000157e-06,9.999838300818581e-05,0.0007000000000000022,0.004999999454090301,1.801929,76.48463168557444
2,4,train,time_to_resolution_band,7-30d,17,5559,0.014391077531930203,0.9856089224680697,0.0015670435585616268,0.01167918015474006,0.0,5.736031557328518e-14,2.0000000000003993e-06,2.1999991309090225e-05,0.0003484481997124029,0.003982094790407626,0.030923449173936125,0.26232280755396853,15.58415936066366
2,4,train,time_to_resolution_band,past_metadata_end,3,56,0.0,1.0,0.0002998360114059318,0.0005514510184225092,9.999937458861204e-07,9.999994515069411e-07,1.9999999999999986e-06,6.500005970348148e-06,0.0002669322162521839,0.0018184341039766258,0.002017059280282287,0.002061729259512704,2.0927360557126704
2,4,train,future_update_count_band_retrospective,0,39,1641,1.0,0.0,0.0,0.0,0.0,0.0,0.0,0.0,0.0,0.0,0.0,0.0,
2,4,train,future_update_count_band_retrospective,1,42,4012,0.0,1.0,4.004651244427388e-05,0.0009253482066243065,2.7083389842945504e-35,2.359264181874364e-33,9.999999999999324e-07,1e-06,1.0000000000000019e-06,0.00010000000000000018,0.00040000000000000067,0.0576,60.21280855557244
2,4,train,future_update_count_band_retrospective,2-3,43,28012,0.0,1.0,0.0003934231199208596,0.017132591553827854,6.162975822039155e-33,9.980020000001659e-07,1.999999285163943e-06,2.9999998872232315e-06,6.25002535014767e-05,0.0005999903669325332,0.0028999991725073876,1.8019279999999998,92.51023916885255
2,4,train,future_update_count_band_retrospective,4+,43,21778,0.0,1.0,0.0012522061079588381,0.024470015318008933,8.407263731320782e-16,9.999993827793332e-07,2.999999999999894e-06,1.3000000000000023e-05,0.0002635084589695589,0.002500000000787194,0.013196377184179778,1.801929,57.34728826985567
2,4,train,context_imputation_exposure,any,39,16707,0.04010295085892141,0.9598970491410785,0.0005807002270613849,0.026090041528222772,0.0,3.0814879110195774e-33,1.9999830499708134e-06,2.9999999999994504e-06,2.499997453175622e-05,0.0005000000000184681,0.0028000012220050193,1.801929,64.05137900909179
2,4,train,context_imputation_exposure,none,41,38736,0.025067121024370094,0.9749328789756299,0.0007422041761865595,0.015990924692754736,0.0,8.058556212308524e-16,1.9999986122112593e-06,4.9997628146502985e-06,0.00014503005332191856,0.0013999941301246275,0.008600003092484048,1.548899492591231,77.93294335410734
2,8,train,starting_price_band,"[0,0.05)",23,20053,0.006831895476985987,0.993168104523014,2.700553626398378e-05,0.00038346117095511766,2.211810170507216e-34,1.0000020000503578e-06,2.9999999999999844e-06,4.0000000000000074e-06,5.9999999999999e-06,3.5000000000000295e-05,0.00038387986624361265,0.020482780558508922,42.63328560515078
2,8,train,starting_price_band,"[0.05,0.25)",22,22172,0.0017138733537795418,0.9982861266462204,0.0015408445240074255,0.038318665244548966,1.915596164162925e-14,1.999988396445285e-06,5.999672251693309e-06,2.299994103269468e-05,0.000300000000051844,0.001100000534000537,0.00921031833042001,1.8020299999999998,40.72081864716923
2,8,train,starting_price_band,"[0.25,0.75)",21,9077,0.0058389335683595904,0.9941610664316404,0.0034934069360167816,0.014171967719619476,7.63631187371587e-15,3.9960019999998924e-06,0.00019999999999999592,0.0006999979434457733,0.002248211497585419,0.011618302413499777,0.054919047903664336,0.3844968119518629,12.554504043889299
2,8,train,starting_price_band,"[0.75,0.95)",10,694,0.001440922190201729,0.9985590778097982,0.0016694168797687526,0.0066215470879496825,5.9265571004938625e-06,1.1999905451437062e-05,2.699926614204049e-05,8.849999220416176e-05,0.0004000001616487989,0.005569998878183892,0.03566499254679029,0.0589858730242291,6.282783526357952
2,8,train,starting_price_band,"[0.95,1]",3,1116,0.0008960573476702509,0.9991039426523297,0.0007682107237170772,0.02318096059619422,9.999922208041387e-07,1.9999983343460252e-06,3.000027151287625e-06,4.999976233411886e-06,9.999999805353275e-06,0.0005000000000000009,0.0006000000000000011,0.7747994883121341,33.40419383223991
2,8,train,causal_activity_band,1,1,2,0.0,1.0,5.499996047338136e-06,5.000000000000003e-07,5.009996047338136e-06,5.049996047338136e-06,5.249996047338136e-06,5.499996047338136e-06,5.749996047338136e-06,5.949996047338136e-06,5.989996047338136e-06,5.999996047338136e-06,
2,8,train,causal_activity_band,2-3,5,43,0.18604651162790697,0.813953488372093,6.606893038350896e-05,0.00015426563644082252,0.0,0.0,1.5000000000000087e-06,4e-06,1.000000000000002e-05,0.0005000000000000009,0.0005000000000000009,0.0005000000000000009,2.349177276367786
2,8,train,causal_activity_band,4-8,22,923,0.032502708559046585,0.9674972914409534,2.668782741640298e-05,9.232705122337535e-05,0.0,1.445011471567212e-14,2.999988619872848e-06,3.999999999999993e-06,5.99999999999999e-06,0.00020000000001312436,0.0004999990968335628,0.0006000000000000011,4.35417716187345
2,8,train,causal_activity_band,9+,43,52144,0.00368211107701749,0.9963178889229826,0.0013118137315269727,0.025940431101961356,5.537951733390975e-15,1.9999942529978224e-06,3.9999998635860696e-06,9.999997809726229e-06,0.0002999993116018018,0.0027999917206285464,0.013674906220106232,1.8020299999999998,56.712375710445635
2,8,train,lifecycle_stage,early,24,19238,0.0070173614720864955,0.9929826385279135,0.0011564632880132284,0.027019362237661715,1.2037062152420224e-33,1.9999929433834313e-06,3.000000000000023e-06,4.9999999450533755e-06,3.499999925736703e-05,0.0032999963895559044,0.01356299670650427,1.8020299999999998,63.31189303093766
2,8,train,lifecycle_stage,late,20,17156,0.0036138960130566566,0.9963861039869434,0.0017892136709645363,0.03397792444267675,1.303189227707831e-14,1.9999067343129738e-06,3.999999259138527e-06,9.99975853829424e-06,9.400001572052073e-05,0.0016832472186447016,0.020545916256012285,1.5491994922192214,40.46834663810757
2,8,train,lifecycle_stage,middle,29,16718,0.001973920325397775,0.9980260796746022,0.0009263613812405981,0.008582859225343917,9.979847024886283e-07,2.0000000000000037e-06,5.999998623256214e-06,7.500000000000014e-05,0.0004999996499627809,0.0027000008232277435,0.010498360392419326,0.42177281603358274,32.33990940261058
2,8,train,time_to_resolution_band,0-24h,5,109,0.0,1.0,0.030908397119200785,0.08334917853971874,1.5852483457370043e-15,3.701247002572782e-15,4.9998538504807745e-06,9.999982392791742e-05,0.0015788511686916518,0.28988047217357815,0.30141348907169835,0.3029941905089423,2.6413074510495806
2,8,train,time_to_resolution_band,1-7d,10,1230,0.0024390243902439024,0.9975609756097561,0.0016418471357561866,0.006482559210569957,4.513898307157584e-36,5.227120493560116e-14,4.0000000000000074e-06,2.3000956310604544e-05,0.00030000000000000057,0.0071370507903535,0.04409838972521855,0.06362304131385282,6.491751845227314
2,8,train,time_to_resolution_band,30d+,37,46263,0.004668957914532132,0.9953310420854679,0.0009929025961555454,0.026420676125972747,7.910651385344181e-16,1.9999883964061732e-06,3.999998282544288e-06,8.000000000000015e-06,0.00020000000000642396,0.001899999361248922,0.010085841888271238,1.8020299999999998,59.724162913755414
2,8,train,time_to_resolution_band,7-30d,17,5466,0.002012440541529455,0.9979875594584705,0.0031244587739155867,0.018488255933185444,4.2546951478138104e-14,2.0000000000000452e-06,5.000015620820155e-06,9.999797204545969e-05,0.0008999997841832547,0.009520250096366744,0.05896962303081715,0.42177281603358274,12.89466872649982
2,8,train,time_to_resolution_band,past_metadata_end,3,44,0.0,1.0,0.0006651890524275133,0.0010074721473036987,1.9999961993035057e-06,2.999994601729192e-06,4.749995309408254e-06,5.249998049657769e-05,0.0012616164814534046,0.0027019085780365373,0.002836817032477731,0.002918007695509266,1.1952270815373065
2,8,train,future_update_count_band_retrospective,0,22,230,1.0,0.0,0.0,0.0,0.0,0.0,0.0,0.0,0.0,0.0,0.0,0.0,
2,8,train,future_update_count_band_retrospective,1,26,432,0.0,1.0,1.2770814457652237e-05,4.3059822273104324e-05,2.7083389842945504e-35,1.2037062152420224e-33,9.999999999999983e-07,1e-06,1.0000000000000019e-06,0.00010000000000000018,0.00010000000000000018,0.0004000000000000007,5.802430434349018
2,8,train,future_update_count_band_retrospective,2-3,40,4374,0.0,1.0,4.626942513382445e-05,0.00018101649603754447,1.5407439555097887e-33,9.999985776707239e-07,2e-06,2.9999977311526036e-06,3.0000000000000056e-06,0.0002999997564406478,0.000600000000000001,0.0051000201600771835,11.718062263722995
2,8,train,future_update_count_band_retrospective,4+,43,48076,0.0,1.0,0.0014190614982125247,0.027012854970083666,9.999856355000106e-07,2.000000012606487e-06,4.000386200170191e-06,1.2000000000000298e-05,0.0003259772972070005,0.0030000000000000053,0.014899951932049753,1.8020299999999998,54.46031105442687
2,8,train,context_imputation_exposure,any,39,15153,0.006533359730746387,0.9934666402692536,0.0008307032748385736,0.030124874641309363,6.734299718101229e-19,1.9999947887974087e-06,3.999983152801683e-06,5.99999999999999e-06,7.500000000000014e-05,0.0010999999029153817,0.0055999999999999895,1.8020299999999998,57.982895266806956
2,8,train,context_imputation_exposure,none,41,37959,0.0034510919676493056,0.9965489080323507,0.0014711413188392079,0.02370693548438489,5.577309032719092e-15,1.9999886729739226e-06,4e-06,1.200000000000002e-05,0.0003639978213158683,0.0033000008286441698,0.017793279575306162,1.5491994922192214,54.593640377001584
2,24,train,starting_price_band,"[0,0.05)",23,16304,0.0,1.0,0.00010685459193574473,0.0010043108974701796,4e-06,6.999999783005498e-06,1.0000000000000026e-05,1.2999996342235256e-05,1.899996909262436e-05,0.00015899960148216678,0.0014999675602273557,0.031556962046245564,20.114568680660003
2,24,train,starting_price_band,"[0.05,0.25)",21,20292,0.0,1.0,0.004405636856760663,0.06098830235283954,6.9958328094928045e-06,9.001388666090447e-06,2.099998869626233e-05,8.799977502550971e-05,0.001099998472396584,0.005299975107049761,0.025118637831818783,1.802079,24.160248719896586
2,24,train,starting_price_band,"[0.25,0.75)",18,8063,0.0,1.0,0.010565860488451284,0.025270833737938436,9.99976598321702e-06,3.000000000000006e-05,0.0011999870198815036,0.0035000055820985886,0.01009997915870497,0.04172239623930931,0.1424606481448136,0.3845905999502207,6.629774923937515
2,24,train,starting_price_band,"[0.75,0.95)",9,552,0.0,1.0,0.003131103412270063,0.008834628064687109,4.2509354420573235e-05,4.7999939523112276e-05,7.871518829248612e-05,0.0002259992699645557,0.0012228060531826138,0.028808760467025532,0.03944399014901158,0.05918187303318353,3.910221695443595
2,24,train,starting_price_band,"[0.95,1]",3,1084,0.0,1.0,0.0009363298139144063,0.0235317756730304,7.999320481665985e-06,8.999971816819678e-06,1.199835193320664e-05,1.5998746780173966e-05,2.600029359472492e-05,0.0014000000000000024,0.001600000000000003,0.7751994842782112,32.9058698860712
2,24,train,causal_activity_band,1,1,2,0.0,1.0,1.1499990478836883e-05,5.000000000000003e-07,1.1009990478836882e-05,1.1049990478836882e-05,1.1249990478836882e-05,1.1499990478836883e-05,1.1749990478836884e-05,1.1949990478836883e-05,1.1989990478836883e-05,1.1999990478836883e-05,
2,24,train,causal_activity_band,2-3,3,26,0.0,1.0,1.2305845924051117e-05,3.323556622689487e-06,6.999999997081317e-06,6.999999997081317e-06,1.0249992234228127e-05,1.200000000000001e-05,1.3744003749999855e-05,1.824250449999982e-05,1.9747501499999967e-05,2.000000000000004e-05,0.26616842834242266
2,24,train,causal_activity_band,4-8,21,713,0.0,1.0,9.331357995304372e-05,0.00028203897013865276,3.999984175982253e-06,6.999991138243168e-06,9.999988048071378e-06,1.200000000000001e-05,1.599999702493956e-05,0.0007999989745279863,0.0014999873555528419,0.0017000000000000032,3.702379722148911
2,24,train,causal_activity_band,9+,41,45554,0.0,1.0,0.003929629638452502,0.04239699478222561,5.9959762802491905e-06,8.000000000000147e-06,1.299999951626829e-05,4.199871586601692e-05,0.0011999664714676275,0.012499963871385711,0.05359414537130623,1.802079,32.47643166166243
2,24,train,lifecycle_stage,early,22,15943,0.0,1.0,0.002980565096016815,0.030729684360365453,4.0000000000001176e-06,7.000000001343213e-06,1.0999998531672987e-05,1.4997874193830388e-05,0.0006999992183925978,0.01419999150590115,0.038099963813072464,1.802079,51.95262013435882
2,24,train,lifecycle_stage,late,19,15673,0.0,1.0,0.005599862440316747,0.06289332729044458,5.999646357449918e-06,8.997475145266713e-06,1.4e-05,3.599993568776029e-05,0.0004060633918645454,0.01206081710384459,0.0696506865303517,1.5501994885297807,22.277509177779482
2,24,train,lifecycle_stage,middle,27,14679,0.0,1.0,0.002983270708608646,0.018031114494665268,6.9999367661465395e-06,9.99993706335628e-06,2.4999988550197534e-05,0.0003459929727842296,0.0017999739963762405,0.009809570666611386,0.02712201344306463,0.4265520724958732,18.598716246031337
2,24,train,time_to_resolution_band,0-24h,4,75,0.0,1.0,0.09808718522037374,0.1400002400385487,8.999955341126992e-06,9.999851974253457e-06,1.1999993471658722e-05,0.00019399997400117424,0.29347911113264635,0.31756595951186567,0.3179386031198998,0.3179899214476286,0.7966706916268976
2,24,train,time_to_resolution_band,1-7d,10,1132,0.0,1.0,0.005387065358562237,0.020103838135587977,1.999972017573453e-06,9.000000000000005e-06,1.799999055570794e-05,0.00019022406607111883,0.0009999991475096496,0.02551032704540934,0.06036471960894841,0.3152245804162332,10.367182336904067
2,24,train,time_to_resolution_band,30d+,36,39920,0.0,1.0,0.003032239903680433,0.043115198228342706,5.00000000000008e-06,7.999999581261156e-06,1.2999720051351523e-05,3.499774449291324e-05,0.000994384592593372,0.008599987409374217,0.03059999252906451,1.802079,34.69447147682041
2,24,train,time_to_resolution_band,7-30d,14,5168,0.0,1.0,0.008625292231463504,0.030934508837640644,7.999990225199114e-06,1.099667029437197e-05,1.9999668309742358e-05,0.0008119981511993532,0.004420509851958731,0.02726500320812431,0.20838546110855843,0.4228420741401646,7.422102974160208
2,24,train,future_update_count_band_retrospective,1,1,2,0.0,1.0,1e-06,0.0,1e-06,1e-06,1e-06,1e-06,1e-06,1e-06,1e-06,1e-06,
2,24,train,future_update_count_band_retrospective,2-3,3,21,0.0,1.0,2.619047517188092e-06,4.856208261514527e-07,2e-06,2e-06,2e-06,3e-06,3.0000000000000056e-06,3.0000000000000314e-06,3.0000000000000314e-06,3.0000000000000314e-06,-0.5288401003056913
2,24,train,future_update_count_band_retrospective,4+,41,46272,0.0,1.0,0.0038700978363707833,0.04206945994627677,5.998001999999979e-06,8.000000000000015e-06,1.2999997145547951e-05,3.999967341370942e-05,0.0011000017604293761,0.012299983713846729,0.05353314569804099,1.802079,32.72931516830711
2,24,train,context_imputation_exposure,any,36,11086,0.0,1.0,0.001737321803981378,0.035351670885131505,4.999964126768081e-06,7.99999015637986e-06,1.1999994330506088e-05,2.499934772673198e-05,0.000599989740307164,0.0051999707737701,0.0167999632136341,1.802079,48.980829112203864
2,24,train,context_imputation_exposure,none,40,35209,0.0,1.0,0.004539102915891085,0.04393828640868047,5.999781340221333e-06,8.997960133985918e-06,1.3999262631468042e-05,4.699931873126476e-05,0.0012999860620100366,0.01440585316327966,0.06394359620491401,1.5501994885297807,29.707586357973845
